source class	source file or URL	column order	section	slot	destination class
MimsSoil	https://raw.githubusercontent.com/GenomicsStandardsConsortium/mixs/v6.2.0/src/mixs/schema/mixs.yaml			abs_air_humidity	placeholder_class
MimsSoil	https://raw.githubusercontent.com/GenomicsStandardsConsortium/mixs/v6.2.0/src/mixs/schema/mixs.yaml			add_recov_method	placeholder_class
MimsSoil	https://raw.githubusercontent.com/GenomicsStandardsConsortium/mixs/v6.2.0/src/mixs/schema/mixs.yaml			additional_info	placeholder_class
MimsSoil	https://raw.githubusercontent.com/GenomicsStandardsConsortium/mixs/v6.2.0/src/mixs/schema/mixs.yaml			address	placeholder_class
MimsSoil	https://raw.githubusercontent.com/GenomicsStandardsConsortium/mixs/v6.2.0/src/mixs/schema/mixs.yaml			adj_room	placeholder_class
MimsSoil	https://raw.githubusercontent.com/GenomicsStandardsConsortium/mixs/v6.2.0/src/mixs/schema/mixs.yaml			aero_struc	placeholder_class
MimsSoil	https://raw.githubusercontent.com/GenomicsStandardsConsortium/mixs/v6.2.0/src/mixs/schema/mixs.yaml			agrochem_addition	placeholder_class
MimsSoil	https://raw.githubusercontent.com/GenomicsStandardsConsortium/mixs/v6.2.0/src/mixs/schema/mixs.yaml			air_PM_concen	placeholder_class
MimsSoil	https://raw.githubusercontent.com/GenomicsStandardsConsortium/mixs/v6.2.0/src/mixs/schema/mixs.yaml			air_temp	placeholder_class
MimsSoil	https://raw.githubusercontent.com/GenomicsStandardsConsortium/mixs/v6.2.0/src/mixs/schema/mixs.yaml			air_temp_regm	placeholder_class
MimsSoil	https://raw.githubusercontent.com/GenomicsStandardsConsortium/mixs/v6.2.0/src/mixs/schema/mixs.yaml			al_sat	placeholder_class
MimsSoil	https://raw.githubusercontent.com/GenomicsStandardsConsortium/mixs/v6.2.0/src/mixs/schema/mixs.yaml			al_sat_meth	placeholder_class
MimsSoil	https://raw.githubusercontent.com/GenomicsStandardsConsortium/mixs/v6.2.0/src/mixs/schema/mixs.yaml			alkalinity	placeholder_class
MimsSoil	https://raw.githubusercontent.com/GenomicsStandardsConsortium/mixs/v6.2.0/src/mixs/schema/mixs.yaml			alkalinity_method	placeholder_class
MimsSoil	https://raw.githubusercontent.com/GenomicsStandardsConsortium/mixs/v6.2.0/src/mixs/schema/mixs.yaml			alkyl_diethers	placeholder_class
MimsSoil	https://raw.githubusercontent.com/GenomicsStandardsConsortium/mixs/v6.2.0/src/mixs/schema/mixs.yaml			alt	placeholder_class
MimsSoil	https://raw.githubusercontent.com/GenomicsStandardsConsortium/mixs/v6.2.0/src/mixs/schema/mixs.yaml			aminopept_act	placeholder_class
MimsSoil	https://raw.githubusercontent.com/GenomicsStandardsConsortium/mixs/v6.2.0/src/mixs/schema/mixs.yaml			ammonium	placeholder_class
MimsSoil	https://raw.githubusercontent.com/GenomicsStandardsConsortium/mixs/v6.2.0/src/mixs/schema/mixs.yaml			amount_light	placeholder_class
MimsSoil	https://raw.githubusercontent.com/GenomicsStandardsConsortium/mixs/v6.2.0/src/mixs/schema/mixs.yaml			ances_data	placeholder_class
MimsSoil	https://raw.githubusercontent.com/GenomicsStandardsConsortium/mixs/v6.2.0/src/mixs/schema/mixs.yaml			annual_precpt	placeholder_class
MimsSoil	https://raw.githubusercontent.com/GenomicsStandardsConsortium/mixs/v6.2.0/src/mixs/schema/mixs.yaml			annual_temp	placeholder_class
MimsSoil	https://raw.githubusercontent.com/GenomicsStandardsConsortium/mixs/v6.2.0/src/mixs/schema/mixs.yaml			antibiotic_regm	placeholder_class
MimsSoil	https://raw.githubusercontent.com/GenomicsStandardsConsortium/mixs/v6.2.0/src/mixs/schema/mixs.yaml			api	placeholder_class
MimsSoil	https://raw.githubusercontent.com/GenomicsStandardsConsortium/mixs/v6.2.0/src/mixs/schema/mixs.yaml			arch_struc	placeholder_class
MimsSoil	https://raw.githubusercontent.com/GenomicsStandardsConsortium/mixs/v6.2.0/src/mixs/schema/mixs.yaml			aromatics_pc	placeholder_class
MimsSoil	https://raw.githubusercontent.com/GenomicsStandardsConsortium/mixs/v6.2.0/src/mixs/schema/mixs.yaml			asphaltenes_pc	placeholder_class
MimsSoil	https://raw.githubusercontent.com/GenomicsStandardsConsortium/mixs/v6.2.0/src/mixs/schema/mixs.yaml			atmospheric_data	placeholder_class
MimsSoil	https://raw.githubusercontent.com/GenomicsStandardsConsortium/mixs/v6.2.0/src/mixs/schema/mixs.yaml			avg_dew_point	placeholder_class
MimsSoil	https://raw.githubusercontent.com/GenomicsStandardsConsortium/mixs/v6.2.0/src/mixs/schema/mixs.yaml			avg_occup	placeholder_class
MimsSoil	https://raw.githubusercontent.com/GenomicsStandardsConsortium/mixs/v6.2.0/src/mixs/schema/mixs.yaml			avg_temp	placeholder_class
MimsSoil	https://raw.githubusercontent.com/GenomicsStandardsConsortium/mixs/v6.2.0/src/mixs/schema/mixs.yaml			bac_prod	placeholder_class
MimsSoil	https://raw.githubusercontent.com/GenomicsStandardsConsortium/mixs/v6.2.0/src/mixs/schema/mixs.yaml			bac_resp	placeholder_class
MimsSoil	https://raw.githubusercontent.com/GenomicsStandardsConsortium/mixs/v6.2.0/src/mixs/schema/mixs.yaml			bacteria_carb_prod	placeholder_class
MimsSoil	https://raw.githubusercontent.com/GenomicsStandardsConsortium/mixs/v6.2.0/src/mixs/schema/mixs.yaml			barometric_press	placeholder_class
MimsSoil	https://raw.githubusercontent.com/GenomicsStandardsConsortium/mixs/v6.2.0/src/mixs/schema/mixs.yaml			basin	placeholder_class
MimsSoil	https://raw.githubusercontent.com/GenomicsStandardsConsortium/mixs/v6.2.0/src/mixs/schema/mixs.yaml			bathroom_count	placeholder_class
MimsSoil	https://raw.githubusercontent.com/GenomicsStandardsConsortium/mixs/v6.2.0/src/mixs/schema/mixs.yaml			bedroom_count	placeholder_class
MimsSoil	https://raw.githubusercontent.com/GenomicsStandardsConsortium/mixs/v6.2.0/src/mixs/schema/mixs.yaml			benzene	placeholder_class
MimsSoil	https://raw.githubusercontent.com/GenomicsStandardsConsortium/mixs/v6.2.0/src/mixs/schema/mixs.yaml			biochem_oxygen_dem	placeholder_class
MimsSoil	https://raw.githubusercontent.com/GenomicsStandardsConsortium/mixs/v6.2.0/src/mixs/schema/mixs.yaml			biocide	placeholder_class
MimsSoil	https://raw.githubusercontent.com/GenomicsStandardsConsortium/mixs/v6.2.0/src/mixs/schema/mixs.yaml			biocide_admin_method	placeholder_class
MimsSoil	https://raw.githubusercontent.com/GenomicsStandardsConsortium/mixs/v6.2.0/src/mixs/schema/mixs.yaml			biol_stat	placeholder_class
MimsSoil	https://raw.githubusercontent.com/GenomicsStandardsConsortium/mixs/v6.2.0/src/mixs/schema/mixs.yaml			biomass	placeholder_class
MimsSoil	https://raw.githubusercontent.com/GenomicsStandardsConsortium/mixs/v6.2.0/src/mixs/schema/mixs.yaml			biotic_regm	placeholder_class
MimsSoil	https://raw.githubusercontent.com/GenomicsStandardsConsortium/mixs/v6.2.0/src/mixs/schema/mixs.yaml			biotic_relationship	placeholder_class
MimsSoil	https://raw.githubusercontent.com/GenomicsStandardsConsortium/mixs/v6.2.0/src/mixs/schema/mixs.yaml			bishomohopanol	placeholder_class
MimsSoil	https://raw.githubusercontent.com/GenomicsStandardsConsortium/mixs/v6.2.0/src/mixs/schema/mixs.yaml			blood_press_diast	placeholder_class
MimsSoil	https://raw.githubusercontent.com/GenomicsStandardsConsortium/mixs/v6.2.0/src/mixs/schema/mixs.yaml			blood_press_syst	placeholder_class
MimsSoil	https://raw.githubusercontent.com/GenomicsStandardsConsortium/mixs/v6.2.0/src/mixs/schema/mixs.yaml			bromide	placeholder_class
MimsSoil	https://raw.githubusercontent.com/GenomicsStandardsConsortium/mixs/v6.2.0/src/mixs/schema/mixs.yaml			build_docs	placeholder_class
MimsSoil	https://raw.githubusercontent.com/GenomicsStandardsConsortium/mixs/v6.2.0/src/mixs/schema/mixs.yaml			build_occup_type	placeholder_class
MimsSoil	https://raw.githubusercontent.com/GenomicsStandardsConsortium/mixs/v6.2.0/src/mixs/schema/mixs.yaml			building_setting	placeholder_class
MimsSoil	https://raw.githubusercontent.com/GenomicsStandardsConsortium/mixs/v6.2.0/src/mixs/schema/mixs.yaml			built_struc_age	placeholder_class
MimsSoil	https://raw.githubusercontent.com/GenomicsStandardsConsortium/mixs/v6.2.0/src/mixs/schema/mixs.yaml			built_struc_set	placeholder_class
MimsSoil	https://raw.githubusercontent.com/GenomicsStandardsConsortium/mixs/v6.2.0/src/mixs/schema/mixs.yaml			built_struc_type	placeholder_class
MimsSoil	https://raw.githubusercontent.com/GenomicsStandardsConsortium/mixs/v6.2.0/src/mixs/schema/mixs.yaml			calcium	placeholder_class
MimsSoil	https://raw.githubusercontent.com/GenomicsStandardsConsortium/mixs/v6.2.0/src/mixs/schema/mixs.yaml			carb_dioxide	placeholder_class
MimsSoil	https://raw.githubusercontent.com/GenomicsStandardsConsortium/mixs/v6.2.0/src/mixs/schema/mixs.yaml			carb_monoxide	placeholder_class
MimsSoil	https://raw.githubusercontent.com/GenomicsStandardsConsortium/mixs/v6.2.0/src/mixs/schema/mixs.yaml			carb_nitro_ratio	placeholder_class
MimsSoil	https://raw.githubusercontent.com/GenomicsStandardsConsortium/mixs/v6.2.0/src/mixs/schema/mixs.yaml			ceil_area	placeholder_class
MimsSoil	https://raw.githubusercontent.com/GenomicsStandardsConsortium/mixs/v6.2.0/src/mixs/schema/mixs.yaml			ceil_cond	placeholder_class
MimsSoil	https://raw.githubusercontent.com/GenomicsStandardsConsortium/mixs/v6.2.0/src/mixs/schema/mixs.yaml			ceil_finish_mat	placeholder_class
MimsSoil	https://raw.githubusercontent.com/GenomicsStandardsConsortium/mixs/v6.2.0/src/mixs/schema/mixs.yaml			ceil_struc	placeholder_class
MimsSoil	https://raw.githubusercontent.com/GenomicsStandardsConsortium/mixs/v6.2.0/src/mixs/schema/mixs.yaml			ceil_texture	placeholder_class
MimsSoil	https://raw.githubusercontent.com/GenomicsStandardsConsortium/mixs/v6.2.0/src/mixs/schema/mixs.yaml			ceil_thermal_mass	placeholder_class
MimsSoil	https://raw.githubusercontent.com/GenomicsStandardsConsortium/mixs/v6.2.0/src/mixs/schema/mixs.yaml			ceil_type	placeholder_class
MimsSoil	https://raw.githubusercontent.com/GenomicsStandardsConsortium/mixs/v6.2.0/src/mixs/schema/mixs.yaml			ceil_water_mold	placeholder_class
MimsSoil	https://raw.githubusercontent.com/GenomicsStandardsConsortium/mixs/v6.2.0/src/mixs/schema/mixs.yaml			chem_administration	placeholder_class
MimsSoil	https://raw.githubusercontent.com/GenomicsStandardsConsortium/mixs/v6.2.0/src/mixs/schema/mixs.yaml			chem_mutagen	placeholder_class
MimsSoil	https://raw.githubusercontent.com/GenomicsStandardsConsortium/mixs/v6.2.0/src/mixs/schema/mixs.yaml			chem_oxygen_dem	placeholder_class
MimsSoil	https://raw.githubusercontent.com/GenomicsStandardsConsortium/mixs/v6.2.0/src/mixs/schema/mixs.yaml			chem_treat_method	placeholder_class
MimsSoil	https://raw.githubusercontent.com/GenomicsStandardsConsortium/mixs/v6.2.0/src/mixs/schema/mixs.yaml			chem_treatment	placeholder_class
MimsSoil	https://raw.githubusercontent.com/GenomicsStandardsConsortium/mixs/v6.2.0/src/mixs/schema/mixs.yaml			chimera_check	placeholder_class
MimsSoil	https://raw.githubusercontent.com/GenomicsStandardsConsortium/mixs/v6.2.0/src/mixs/schema/mixs.yaml			chloride	placeholder_class
MimsSoil	https://raw.githubusercontent.com/GenomicsStandardsConsortium/mixs/v6.2.0/src/mixs/schema/mixs.yaml			chlorophyll	placeholder_class
MimsSoil	https://raw.githubusercontent.com/GenomicsStandardsConsortium/mixs/v6.2.0/src/mixs/schema/mixs.yaml			climate_environment	placeholder_class
MimsSoil	https://raw.githubusercontent.com/GenomicsStandardsConsortium/mixs/v6.2.0/src/mixs/schema/mixs.yaml			collection_date	placeholder_class
MimsSoil	https://raw.githubusercontent.com/GenomicsStandardsConsortium/mixs/v6.2.0/src/mixs/schema/mixs.yaml			conduc	placeholder_class
MimsSoil	https://raw.githubusercontent.com/GenomicsStandardsConsortium/mixs/v6.2.0/src/mixs/schema/mixs.yaml			cool_syst_id	placeholder_class
MimsSoil	https://raw.githubusercontent.com/GenomicsStandardsConsortium/mixs/v6.2.0/src/mixs/schema/mixs.yaml			crop_rotation	placeholder_class
MimsSoil	https://raw.githubusercontent.com/GenomicsStandardsConsortium/mixs/v6.2.0/src/mixs/schema/mixs.yaml			cult_root_med	placeholder_class
MimsSoil	https://raw.githubusercontent.com/GenomicsStandardsConsortium/mixs/v6.2.0/src/mixs/schema/mixs.yaml			cur_land_use	placeholder_class
MimsSoil	https://raw.githubusercontent.com/GenomicsStandardsConsortium/mixs/v6.2.0/src/mixs/schema/mixs.yaml			cur_vegetation	placeholder_class
MimsSoil	https://raw.githubusercontent.com/GenomicsStandardsConsortium/mixs/v6.2.0/src/mixs/schema/mixs.yaml			cur_vegetation_meth	placeholder_class
MimsSoil	https://raw.githubusercontent.com/GenomicsStandardsConsortium/mixs/v6.2.0/src/mixs/schema/mixs.yaml			date_last_rain	placeholder_class
MimsSoil	https://raw.githubusercontent.com/GenomicsStandardsConsortium/mixs/v6.2.0/src/mixs/schema/mixs.yaml			density	placeholder_class
MimsSoil	https://raw.githubusercontent.com/GenomicsStandardsConsortium/mixs/v6.2.0/src/mixs/schema/mixs.yaml			depos_env	placeholder_class
MimsSoil	https://raw.githubusercontent.com/GenomicsStandardsConsortium/mixs/v6.2.0/src/mixs/schema/mixs.yaml			depth	placeholder_class
MimsSoil	https://raw.githubusercontent.com/GenomicsStandardsConsortium/mixs/v6.2.0/src/mixs/schema/mixs.yaml			dew_point	placeholder_class
MimsSoil	https://raw.githubusercontent.com/GenomicsStandardsConsortium/mixs/v6.2.0/src/mixs/schema/mixs.yaml			diether_lipids	placeholder_class
MimsSoil	https://raw.githubusercontent.com/GenomicsStandardsConsortium/mixs/v6.2.0/src/mixs/schema/mixs.yaml			diss_carb_dioxide	placeholder_class
MimsSoil	https://raw.githubusercontent.com/GenomicsStandardsConsortium/mixs/v6.2.0/src/mixs/schema/mixs.yaml			diss_hydrogen	placeholder_class
MimsSoil	https://raw.githubusercontent.com/GenomicsStandardsConsortium/mixs/v6.2.0/src/mixs/schema/mixs.yaml			diss_inorg_carb	placeholder_class
MimsSoil	https://raw.githubusercontent.com/GenomicsStandardsConsortium/mixs/v6.2.0/src/mixs/schema/mixs.yaml			diss_inorg_nitro	placeholder_class
MimsSoil	https://raw.githubusercontent.com/GenomicsStandardsConsortium/mixs/v6.2.0/src/mixs/schema/mixs.yaml			diss_inorg_phosp	placeholder_class
MimsSoil	https://raw.githubusercontent.com/GenomicsStandardsConsortium/mixs/v6.2.0/src/mixs/schema/mixs.yaml			diss_iron	placeholder_class
MimsSoil	https://raw.githubusercontent.com/GenomicsStandardsConsortium/mixs/v6.2.0/src/mixs/schema/mixs.yaml			diss_org_carb	placeholder_class
MimsSoil	https://raw.githubusercontent.com/GenomicsStandardsConsortium/mixs/v6.2.0/src/mixs/schema/mixs.yaml			diss_org_nitro	placeholder_class
MimsSoil	https://raw.githubusercontent.com/GenomicsStandardsConsortium/mixs/v6.2.0/src/mixs/schema/mixs.yaml			diss_oxygen	placeholder_class
MimsSoil	https://raw.githubusercontent.com/GenomicsStandardsConsortium/mixs/v6.2.0/src/mixs/schema/mixs.yaml			diss_oxygen_fluid	placeholder_class
MimsSoil	https://raw.githubusercontent.com/GenomicsStandardsConsortium/mixs/v6.2.0/src/mixs/schema/mixs.yaml			door_comp_type	placeholder_class
MimsSoil	https://raw.githubusercontent.com/GenomicsStandardsConsortium/mixs/v6.2.0/src/mixs/schema/mixs.yaml			door_cond	placeholder_class
MimsSoil	https://raw.githubusercontent.com/GenomicsStandardsConsortium/mixs/v6.2.0/src/mixs/schema/mixs.yaml			door_direct	placeholder_class
MimsSoil	https://raw.githubusercontent.com/GenomicsStandardsConsortium/mixs/v6.2.0/src/mixs/schema/mixs.yaml			door_loc	placeholder_class
MimsSoil	https://raw.githubusercontent.com/GenomicsStandardsConsortium/mixs/v6.2.0/src/mixs/schema/mixs.yaml			door_mat	placeholder_class
MimsSoil	https://raw.githubusercontent.com/GenomicsStandardsConsortium/mixs/v6.2.0/src/mixs/schema/mixs.yaml			door_move	placeholder_class
MimsSoil	https://raw.githubusercontent.com/GenomicsStandardsConsortium/mixs/v6.2.0/src/mixs/schema/mixs.yaml			door_size	placeholder_class
MimsSoil	https://raw.githubusercontent.com/GenomicsStandardsConsortium/mixs/v6.2.0/src/mixs/schema/mixs.yaml			door_type	placeholder_class
MimsSoil	https://raw.githubusercontent.com/GenomicsStandardsConsortium/mixs/v6.2.0/src/mixs/schema/mixs.yaml			door_type_metal	placeholder_class
MimsSoil	https://raw.githubusercontent.com/GenomicsStandardsConsortium/mixs/v6.2.0/src/mixs/schema/mixs.yaml			door_type_wood	placeholder_class
MimsSoil	https://raw.githubusercontent.com/GenomicsStandardsConsortium/mixs/v6.2.0/src/mixs/schema/mixs.yaml			door_water_mold	placeholder_class
MimsSoil	https://raw.githubusercontent.com/GenomicsStandardsConsortium/mixs/v6.2.0/src/mixs/schema/mixs.yaml			down_par	placeholder_class
MimsSoil	https://raw.githubusercontent.com/GenomicsStandardsConsortium/mixs/v6.2.0/src/mixs/schema/mixs.yaml			drainage_class	placeholder_class
MimsSoil	https://raw.githubusercontent.com/GenomicsStandardsConsortium/mixs/v6.2.0/src/mixs/schema/mixs.yaml			drawings	placeholder_class
MimsSoil	https://raw.githubusercontent.com/GenomicsStandardsConsortium/mixs/v6.2.0/src/mixs/schema/mixs.yaml			efficiency_percent	placeholder_class
MimsSoil	https://raw.githubusercontent.com/GenomicsStandardsConsortium/mixs/v6.2.0/src/mixs/schema/mixs.yaml			elev	placeholder_class
MimsSoil	https://raw.githubusercontent.com/GenomicsStandardsConsortium/mixs/v6.2.0/src/mixs/schema/mixs.yaml			elevator	placeholder_class
MimsSoil	https://raw.githubusercontent.com/GenomicsStandardsConsortium/mixs/v6.2.0/src/mixs/schema/mixs.yaml			emulsions	placeholder_class
MimsSoil	https://raw.githubusercontent.com/GenomicsStandardsConsortium/mixs/v6.2.0/src/mixs/schema/mixs.yaml			env_broad_scale	placeholder_class
MimsSoil	https://raw.githubusercontent.com/GenomicsStandardsConsortium/mixs/v6.2.0/src/mixs/schema/mixs.yaml			env_local_scale	placeholder_class
MimsSoil	https://raw.githubusercontent.com/GenomicsStandardsConsortium/mixs/v6.2.0/src/mixs/schema/mixs.yaml			env_medium	placeholder_class
MimsSoil	https://raw.githubusercontent.com/GenomicsStandardsConsortium/mixs/v6.2.0/src/mixs/schema/mixs.yaml			escalator	placeholder_class
MimsSoil	https://raw.githubusercontent.com/GenomicsStandardsConsortium/mixs/v6.2.0/src/mixs/schema/mixs.yaml			ethylbenzene	placeholder_class
MimsSoil	https://raw.githubusercontent.com/GenomicsStandardsConsortium/mixs/v6.2.0/src/mixs/schema/mixs.yaml			exp_duct	placeholder_class
MimsSoil	https://raw.githubusercontent.com/GenomicsStandardsConsortium/mixs/v6.2.0/src/mixs/schema/mixs.yaml			exp_pipe	placeholder_class
MimsSoil	https://raw.githubusercontent.com/GenomicsStandardsConsortium/mixs/v6.2.0/src/mixs/schema/mixs.yaml			experimental_factor	placeholder_class
MimsSoil	https://raw.githubusercontent.com/GenomicsStandardsConsortium/mixs/v6.2.0/src/mixs/schema/mixs.yaml			ext_door	placeholder_class
MimsSoil	https://raw.githubusercontent.com/GenomicsStandardsConsortium/mixs/v6.2.0/src/mixs/schema/mixs.yaml			ext_wall_orient	placeholder_class
MimsSoil	https://raw.githubusercontent.com/GenomicsStandardsConsortium/mixs/v6.2.0/src/mixs/schema/mixs.yaml			ext_window_orient	placeholder_class
MimsSoil	https://raw.githubusercontent.com/GenomicsStandardsConsortium/mixs/v6.2.0/src/mixs/schema/mixs.yaml			extreme_event	placeholder_class
MimsSoil	https://raw.githubusercontent.com/GenomicsStandardsConsortium/mixs/v6.2.0/src/mixs/schema/mixs.yaml			fao_class	placeholder_class
MimsSoil	https://raw.githubusercontent.com/GenomicsStandardsConsortium/mixs/v6.2.0/src/mixs/schema/mixs.yaml			fertilizer_regm	placeholder_class
MimsSoil	https://raw.githubusercontent.com/GenomicsStandardsConsortium/mixs/v6.2.0/src/mixs/schema/mixs.yaml			field	placeholder_class
MimsSoil	https://raw.githubusercontent.com/GenomicsStandardsConsortium/mixs/v6.2.0/src/mixs/schema/mixs.yaml			filter_type	placeholder_class
MimsSoil	https://raw.githubusercontent.com/GenomicsStandardsConsortium/mixs/v6.2.0/src/mixs/schema/mixs.yaml			fire	placeholder_class
MimsSoil	https://raw.githubusercontent.com/GenomicsStandardsConsortium/mixs/v6.2.0/src/mixs/schema/mixs.yaml			fireplace_type	placeholder_class
MimsSoil	https://raw.githubusercontent.com/GenomicsStandardsConsortium/mixs/v6.2.0/src/mixs/schema/mixs.yaml			flooding	placeholder_class
MimsSoil	https://raw.githubusercontent.com/GenomicsStandardsConsortium/mixs/v6.2.0/src/mixs/schema/mixs.yaml			floor_age	placeholder_class
MimsSoil	https://raw.githubusercontent.com/GenomicsStandardsConsortium/mixs/v6.2.0/src/mixs/schema/mixs.yaml			floor_area	placeholder_class
MimsSoil	https://raw.githubusercontent.com/GenomicsStandardsConsortium/mixs/v6.2.0/src/mixs/schema/mixs.yaml			floor_cond	placeholder_class
MimsSoil	https://raw.githubusercontent.com/GenomicsStandardsConsortium/mixs/v6.2.0/src/mixs/schema/mixs.yaml			floor_count	placeholder_class
MimsSoil	https://raw.githubusercontent.com/GenomicsStandardsConsortium/mixs/v6.2.0/src/mixs/schema/mixs.yaml			floor_finish_mat	placeholder_class
MimsSoil	https://raw.githubusercontent.com/GenomicsStandardsConsortium/mixs/v6.2.0/src/mixs/schema/mixs.yaml			floor_struc	placeholder_class
MimsSoil	https://raw.githubusercontent.com/GenomicsStandardsConsortium/mixs/v6.2.0/src/mixs/schema/mixs.yaml			floor_thermal_mass	placeholder_class
MimsSoil	https://raw.githubusercontent.com/GenomicsStandardsConsortium/mixs/v6.2.0/src/mixs/schema/mixs.yaml			floor_water_mold	placeholder_class
MimsSoil	https://raw.githubusercontent.com/GenomicsStandardsConsortium/mixs/v6.2.0/src/mixs/schema/mixs.yaml			fluor	placeholder_class
MimsSoil	https://raw.githubusercontent.com/GenomicsStandardsConsortium/mixs/v6.2.0/src/mixs/schema/mixs.yaml			freq_clean	placeholder_class
MimsSoil	https://raw.githubusercontent.com/GenomicsStandardsConsortium/mixs/v6.2.0/src/mixs/schema/mixs.yaml			freq_cook	placeholder_class
MimsSoil	https://raw.githubusercontent.com/GenomicsStandardsConsortium/mixs/v6.2.0/src/mixs/schema/mixs.yaml			fungicide_regm	placeholder_class
MimsSoil	https://raw.githubusercontent.com/GenomicsStandardsConsortium/mixs/v6.2.0/src/mixs/schema/mixs.yaml			furniture	placeholder_class
MimsSoil	https://raw.githubusercontent.com/GenomicsStandardsConsortium/mixs/v6.2.0/src/mixs/schema/mixs.yaml			gaseous_environment	placeholder_class
MimsSoil	https://raw.githubusercontent.com/GenomicsStandardsConsortium/mixs/v6.2.0/src/mixs/schema/mixs.yaml			gaseous_substances	placeholder_class
MimsSoil	https://raw.githubusercontent.com/GenomicsStandardsConsortium/mixs/v6.2.0/src/mixs/schema/mixs.yaml			gender_restroom	placeholder_class
MimsSoil	https://raw.githubusercontent.com/GenomicsStandardsConsortium/mixs/v6.2.0/src/mixs/schema/mixs.yaml			genetic_mod	placeholder_class
MimsSoil	https://raw.githubusercontent.com/GenomicsStandardsConsortium/mixs/v6.2.0/src/mixs/schema/mixs.yaml			geo_loc_name	placeholder_class
MimsSoil	https://raw.githubusercontent.com/GenomicsStandardsConsortium/mixs/v6.2.0/src/mixs/schema/mixs.yaml			glucosidase_act	placeholder_class
MimsSoil	https://raw.githubusercontent.com/GenomicsStandardsConsortium/mixs/v6.2.0/src/mixs/schema/mixs.yaml			gravidity	placeholder_class
MimsSoil	https://raw.githubusercontent.com/GenomicsStandardsConsortium/mixs/v6.2.0/src/mixs/schema/mixs.yaml			gravity	placeholder_class
MimsSoil	https://raw.githubusercontent.com/GenomicsStandardsConsortium/mixs/v6.2.0/src/mixs/schema/mixs.yaml			growth_facil	placeholder_class
MimsSoil	https://raw.githubusercontent.com/GenomicsStandardsConsortium/mixs/v6.2.0/src/mixs/schema/mixs.yaml			growth_habit	placeholder_class
MimsSoil	https://raw.githubusercontent.com/GenomicsStandardsConsortium/mixs/v6.2.0/src/mixs/schema/mixs.yaml			growth_hormone_regm	placeholder_class
MimsSoil	https://raw.githubusercontent.com/GenomicsStandardsConsortium/mixs/v6.2.0/src/mixs/schema/mixs.yaml			hall_count	placeholder_class
MimsSoil	https://raw.githubusercontent.com/GenomicsStandardsConsortium/mixs/v6.2.0/src/mixs/schema/mixs.yaml			handidness	placeholder_class
MimsSoil	https://raw.githubusercontent.com/GenomicsStandardsConsortium/mixs/v6.2.0/src/mixs/schema/mixs.yaml			hc_produced	placeholder_class
MimsSoil	https://raw.githubusercontent.com/GenomicsStandardsConsortium/mixs/v6.2.0/src/mixs/schema/mixs.yaml			hcr	placeholder_class
MimsSoil	https://raw.githubusercontent.com/GenomicsStandardsConsortium/mixs/v6.2.0/src/mixs/schema/mixs.yaml			hcr_fw_salinity	placeholder_class
MimsSoil	https://raw.githubusercontent.com/GenomicsStandardsConsortium/mixs/v6.2.0/src/mixs/schema/mixs.yaml			hcr_geol_age	placeholder_class
MimsSoil	https://raw.githubusercontent.com/GenomicsStandardsConsortium/mixs/v6.2.0/src/mixs/schema/mixs.yaml			hcr_pressure	placeholder_class
MimsSoil	https://raw.githubusercontent.com/GenomicsStandardsConsortium/mixs/v6.2.0/src/mixs/schema/mixs.yaml			hcr_temp	placeholder_class
MimsSoil	https://raw.githubusercontent.com/GenomicsStandardsConsortium/mixs/v6.2.0/src/mixs/schema/mixs.yaml			heat_cool_type	placeholder_class
MimsSoil	https://raw.githubusercontent.com/GenomicsStandardsConsortium/mixs/v6.2.0/src/mixs/schema/mixs.yaml			heat_deliv_loc	placeholder_class
MimsSoil	https://raw.githubusercontent.com/GenomicsStandardsConsortium/mixs/v6.2.0/src/mixs/schema/mixs.yaml			heat_sys_deliv_meth	placeholder_class
MimsSoil	https://raw.githubusercontent.com/GenomicsStandardsConsortium/mixs/v6.2.0/src/mixs/schema/mixs.yaml			heat_system_id	placeholder_class
MimsSoil	https://raw.githubusercontent.com/GenomicsStandardsConsortium/mixs/v6.2.0/src/mixs/schema/mixs.yaml			heavy_metals	placeholder_class
MimsSoil	https://raw.githubusercontent.com/GenomicsStandardsConsortium/mixs/v6.2.0/src/mixs/schema/mixs.yaml			heavy_metals_meth	placeholder_class
MimsSoil	https://raw.githubusercontent.com/GenomicsStandardsConsortium/mixs/v6.2.0/src/mixs/schema/mixs.yaml			height_carper_fiber	placeholder_class
MimsSoil	https://raw.githubusercontent.com/GenomicsStandardsConsortium/mixs/v6.2.0/src/mixs/schema/mixs.yaml			herbicide_regm	placeholder_class
MimsSoil	https://raw.githubusercontent.com/GenomicsStandardsConsortium/mixs/v6.2.0/src/mixs/schema/mixs.yaml			horizon_meth	placeholder_class
MimsSoil	https://raw.githubusercontent.com/GenomicsStandardsConsortium/mixs/v6.2.0/src/mixs/schema/mixs.yaml			host_age	placeholder_class
MimsSoil	https://raw.githubusercontent.com/GenomicsStandardsConsortium/mixs/v6.2.0/src/mixs/schema/mixs.yaml			host_body_habitat	placeholder_class
MimsSoil	https://raw.githubusercontent.com/GenomicsStandardsConsortium/mixs/v6.2.0/src/mixs/schema/mixs.yaml			host_body_product	placeholder_class
MimsSoil	https://raw.githubusercontent.com/GenomicsStandardsConsortium/mixs/v6.2.0/src/mixs/schema/mixs.yaml			host_body_site	placeholder_class
MimsSoil	https://raw.githubusercontent.com/GenomicsStandardsConsortium/mixs/v6.2.0/src/mixs/schema/mixs.yaml			host_body_temp	placeholder_class
MimsSoil	https://raw.githubusercontent.com/GenomicsStandardsConsortium/mixs/v6.2.0/src/mixs/schema/mixs.yaml			host_color	placeholder_class
MimsSoil	https://raw.githubusercontent.com/GenomicsStandardsConsortium/mixs/v6.2.0/src/mixs/schema/mixs.yaml			host_common_name	placeholder_class
MimsSoil	https://raw.githubusercontent.com/GenomicsStandardsConsortium/mixs/v6.2.0/src/mixs/schema/mixs.yaml			host_diet	placeholder_class
MimsSoil	https://raw.githubusercontent.com/GenomicsStandardsConsortium/mixs/v6.2.0/src/mixs/schema/mixs.yaml			host_dry_mass	placeholder_class
MimsSoil	https://raw.githubusercontent.com/GenomicsStandardsConsortium/mixs/v6.2.0/src/mixs/schema/mixs.yaml			host_genotype	placeholder_class
MimsSoil	https://raw.githubusercontent.com/GenomicsStandardsConsortium/mixs/v6.2.0/src/mixs/schema/mixs.yaml			host_growth_cond	placeholder_class
MimsSoil	https://raw.githubusercontent.com/GenomicsStandardsConsortium/mixs/v6.2.0/src/mixs/schema/mixs.yaml			host_height	placeholder_class
MimsSoil	https://raw.githubusercontent.com/GenomicsStandardsConsortium/mixs/v6.2.0/src/mixs/schema/mixs.yaml			host_last_meal	placeholder_class
MimsSoil	https://raw.githubusercontent.com/GenomicsStandardsConsortium/mixs/v6.2.0/src/mixs/schema/mixs.yaml			host_length	placeholder_class
MimsSoil	https://raw.githubusercontent.com/GenomicsStandardsConsortium/mixs/v6.2.0/src/mixs/schema/mixs.yaml			host_life_stage	placeholder_class
MimsSoil	https://raw.githubusercontent.com/GenomicsStandardsConsortium/mixs/v6.2.0/src/mixs/schema/mixs.yaml			host_phenotype	placeholder_class
MimsSoil	https://raw.githubusercontent.com/GenomicsStandardsConsortium/mixs/v6.2.0/src/mixs/schema/mixs.yaml			host_sex	placeholder_class
MimsSoil	https://raw.githubusercontent.com/GenomicsStandardsConsortium/mixs/v6.2.0/src/mixs/schema/mixs.yaml			host_shape	placeholder_class
MimsSoil	https://raw.githubusercontent.com/GenomicsStandardsConsortium/mixs/v6.2.0/src/mixs/schema/mixs.yaml			host_subject_id	placeholder_class
MimsSoil	https://raw.githubusercontent.com/GenomicsStandardsConsortium/mixs/v6.2.0/src/mixs/schema/mixs.yaml			host_subspecf_genlin	placeholder_class
MimsSoil	https://raw.githubusercontent.com/GenomicsStandardsConsortium/mixs/v6.2.0/src/mixs/schema/mixs.yaml			host_substrate	placeholder_class
MimsSoil	https://raw.githubusercontent.com/GenomicsStandardsConsortium/mixs/v6.2.0/src/mixs/schema/mixs.yaml			host_symbiont	placeholder_class
MimsSoil	https://raw.githubusercontent.com/GenomicsStandardsConsortium/mixs/v6.2.0/src/mixs/schema/mixs.yaml			host_taxid	placeholder_class
MimsSoil	https://raw.githubusercontent.com/GenomicsStandardsConsortium/mixs/v6.2.0/src/mixs/schema/mixs.yaml			host_tot_mass	placeholder_class
MimsSoil	https://raw.githubusercontent.com/GenomicsStandardsConsortium/mixs/v6.2.0/src/mixs/schema/mixs.yaml			host_wet_mass	placeholder_class
MimsSoil	https://raw.githubusercontent.com/GenomicsStandardsConsortium/mixs/v6.2.0/src/mixs/schema/mixs.yaml			humidity	placeholder_class
MimsSoil	https://raw.githubusercontent.com/GenomicsStandardsConsortium/mixs/v6.2.0/src/mixs/schema/mixs.yaml			humidity_regm	placeholder_class
MimsSoil	https://raw.githubusercontent.com/GenomicsStandardsConsortium/mixs/v6.2.0/src/mixs/schema/mixs.yaml			indoor_space	placeholder_class
MimsSoil	https://raw.githubusercontent.com/GenomicsStandardsConsortium/mixs/v6.2.0/src/mixs/schema/mixs.yaml			indoor_surf	placeholder_class
MimsSoil	https://raw.githubusercontent.com/GenomicsStandardsConsortium/mixs/v6.2.0/src/mixs/schema/mixs.yaml			indust_eff_percent	placeholder_class
MimsSoil	https://raw.githubusercontent.com/GenomicsStandardsConsortium/mixs/v6.2.0/src/mixs/schema/mixs.yaml			inorg_particles	placeholder_class
MimsSoil	https://raw.githubusercontent.com/GenomicsStandardsConsortium/mixs/v6.2.0/src/mixs/schema/mixs.yaml			inside_lux	placeholder_class
MimsSoil	https://raw.githubusercontent.com/GenomicsStandardsConsortium/mixs/v6.2.0/src/mixs/schema/mixs.yaml			int_wall_cond	placeholder_class
MimsSoil	https://raw.githubusercontent.com/GenomicsStandardsConsortium/mixs/v6.2.0/src/mixs/schema/mixs.yaml			iw_bt_date_well	placeholder_class
MimsSoil	https://raw.githubusercontent.com/GenomicsStandardsConsortium/mixs/v6.2.0/src/mixs/schema/mixs.yaml			iwf	placeholder_class
MimsSoil	https://raw.githubusercontent.com/GenomicsStandardsConsortium/mixs/v6.2.0/src/mixs/schema/mixs.yaml			last_clean	placeholder_class
MimsSoil	https://raw.githubusercontent.com/GenomicsStandardsConsortium/mixs/v6.2.0/src/mixs/schema/mixs.yaml			lat_lon	placeholder_class
MimsSoil	https://raw.githubusercontent.com/GenomicsStandardsConsortium/mixs/v6.2.0/src/mixs/schema/mixs.yaml			light_intensity	placeholder_class
MimsSoil	https://raw.githubusercontent.com/GenomicsStandardsConsortium/mixs/v6.2.0/src/mixs/schema/mixs.yaml			light_regm	placeholder_class
MimsSoil	https://raw.githubusercontent.com/GenomicsStandardsConsortium/mixs/v6.2.0/src/mixs/schema/mixs.yaml			light_type	placeholder_class
MimsSoil	https://raw.githubusercontent.com/GenomicsStandardsConsortium/mixs/v6.2.0/src/mixs/schema/mixs.yaml			link_addit_analys	placeholder_class
MimsSoil	https://raw.githubusercontent.com/GenomicsStandardsConsortium/mixs/v6.2.0/src/mixs/schema/mixs.yaml			link_class_info	placeholder_class
MimsSoil	https://raw.githubusercontent.com/GenomicsStandardsConsortium/mixs/v6.2.0/src/mixs/schema/mixs.yaml			link_climate_info	placeholder_class
MimsSoil	https://raw.githubusercontent.com/GenomicsStandardsConsortium/mixs/v6.2.0/src/mixs/schema/mixs.yaml			lithology	placeholder_class
MimsSoil	https://raw.githubusercontent.com/GenomicsStandardsConsortium/mixs/v6.2.0/src/mixs/schema/mixs.yaml			local_class	placeholder_class
MimsSoil	https://raw.githubusercontent.com/GenomicsStandardsConsortium/mixs/v6.2.0/src/mixs/schema/mixs.yaml			local_class_meth	placeholder_class
MimsSoil	https://raw.githubusercontent.com/GenomicsStandardsConsortium/mixs/v6.2.0/src/mixs/schema/mixs.yaml			magnesium	placeholder_class
MimsSoil	https://raw.githubusercontent.com/GenomicsStandardsConsortium/mixs/v6.2.0/src/mixs/schema/mixs.yaml			max_occup	placeholder_class
MimsSoil	https://raw.githubusercontent.com/GenomicsStandardsConsortium/mixs/v6.2.0/src/mixs/schema/mixs.yaml			mean_frict_vel	placeholder_class
MimsSoil	https://raw.githubusercontent.com/GenomicsStandardsConsortium/mixs/v6.2.0/src/mixs/schema/mixs.yaml			mean_peak_frict_vel	placeholder_class
MimsSoil	https://raw.githubusercontent.com/GenomicsStandardsConsortium/mixs/v6.2.0/src/mixs/schema/mixs.yaml			mech_struc	placeholder_class
MimsSoil	https://raw.githubusercontent.com/GenomicsStandardsConsortium/mixs/v6.2.0/src/mixs/schema/mixs.yaml			mechanical_damage	placeholder_class
MimsSoil	https://raw.githubusercontent.com/GenomicsStandardsConsortium/mixs/v6.2.0/src/mixs/schema/mixs.yaml			methane	placeholder_class
MimsSoil	https://raw.githubusercontent.com/GenomicsStandardsConsortium/mixs/v6.2.0/src/mixs/schema/mixs.yaml			micro_biomass_meth	placeholder_class
MimsSoil	https://raw.githubusercontent.com/GenomicsStandardsConsortium/mixs/v6.2.0/src/mixs/schema/mixs.yaml			microbial_biomass	placeholder_class
MimsSoil	https://raw.githubusercontent.com/GenomicsStandardsConsortium/mixs/v6.2.0/src/mixs/schema/mixs.yaml			mineral_nutr_regm	placeholder_class
MimsSoil	https://raw.githubusercontent.com/GenomicsStandardsConsortium/mixs/v6.2.0/src/mixs/schema/mixs.yaml			misc_param	placeholder_class
MimsSoil	https://raw.githubusercontent.com/GenomicsStandardsConsortium/mixs/v6.2.0/src/mixs/schema/mixs.yaml			n_alkanes	placeholder_class
MimsSoil	https://raw.githubusercontent.com/GenomicsStandardsConsortium/mixs/v6.2.0/src/mixs/schema/mixs.yaml			nitrate	placeholder_class
MimsSoil	https://raw.githubusercontent.com/GenomicsStandardsConsortium/mixs/v6.2.0/src/mixs/schema/mixs.yaml			nitrite	placeholder_class
MimsSoil	https://raw.githubusercontent.com/GenomicsStandardsConsortium/mixs/v6.2.0/src/mixs/schema/mixs.yaml			nitro	placeholder_class
MimsSoil	https://raw.githubusercontent.com/GenomicsStandardsConsortium/mixs/v6.2.0/src/mixs/schema/mixs.yaml			non_min_nutr_regm	placeholder_class
MimsSoil	https://raw.githubusercontent.com/GenomicsStandardsConsortium/mixs/v6.2.0/src/mixs/schema/mixs.yaml			nucl_acid_amp	placeholder_class
MimsSoil	https://raw.githubusercontent.com/GenomicsStandardsConsortium/mixs/v6.2.0/src/mixs/schema/mixs.yaml			nucl_acid_ext	placeholder_class
MimsSoil	https://raw.githubusercontent.com/GenomicsStandardsConsortium/mixs/v6.2.0/src/mixs/schema/mixs.yaml			number_pets	placeholder_class
MimsSoil	https://raw.githubusercontent.com/GenomicsStandardsConsortium/mixs/v6.2.0/src/mixs/schema/mixs.yaml			number_plants	placeholder_class
MimsSoil	https://raw.githubusercontent.com/GenomicsStandardsConsortium/mixs/v6.2.0/src/mixs/schema/mixs.yaml			number_resident	placeholder_class
MimsSoil	https://raw.githubusercontent.com/GenomicsStandardsConsortium/mixs/v6.2.0/src/mixs/schema/mixs.yaml			occup_density_samp	placeholder_class
MimsSoil	https://raw.githubusercontent.com/GenomicsStandardsConsortium/mixs/v6.2.0/src/mixs/schema/mixs.yaml			occup_document	placeholder_class
MimsSoil	https://raw.githubusercontent.com/GenomicsStandardsConsortium/mixs/v6.2.0/src/mixs/schema/mixs.yaml			occup_samp	placeholder_class
MimsSoil	https://raw.githubusercontent.com/GenomicsStandardsConsortium/mixs/v6.2.0/src/mixs/schema/mixs.yaml			org_carb	placeholder_class
MimsSoil	https://raw.githubusercontent.com/GenomicsStandardsConsortium/mixs/v6.2.0/src/mixs/schema/mixs.yaml			org_count_qpcr_info	placeholder_class
MimsSoil	https://raw.githubusercontent.com/GenomicsStandardsConsortium/mixs/v6.2.0/src/mixs/schema/mixs.yaml			org_matter	placeholder_class
MimsSoil	https://raw.githubusercontent.com/GenomicsStandardsConsortium/mixs/v6.2.0/src/mixs/schema/mixs.yaml			org_nitro	placeholder_class
MimsSoil	https://raw.githubusercontent.com/GenomicsStandardsConsortium/mixs/v6.2.0/src/mixs/schema/mixs.yaml			org_particles	placeholder_class
MimsSoil	https://raw.githubusercontent.com/GenomicsStandardsConsortium/mixs/v6.2.0/src/mixs/schema/mixs.yaml			organism_count	placeholder_class
MimsSoil	https://raw.githubusercontent.com/GenomicsStandardsConsortium/mixs/v6.2.0/src/mixs/schema/mixs.yaml			owc_tvdss	placeholder_class
MimsSoil	https://raw.githubusercontent.com/GenomicsStandardsConsortium/mixs/v6.2.0/src/mixs/schema/mixs.yaml			oxy_stat_samp	placeholder_class
MimsSoil	https://raw.githubusercontent.com/GenomicsStandardsConsortium/mixs/v6.2.0/src/mixs/schema/mixs.yaml			oxygen	placeholder_class
MimsSoil	https://raw.githubusercontent.com/GenomicsStandardsConsortium/mixs/v6.2.0/src/mixs/schema/mixs.yaml			part_org_carb	placeholder_class
MimsSoil	https://raw.githubusercontent.com/GenomicsStandardsConsortium/mixs/v6.2.0/src/mixs/schema/mixs.yaml			part_org_nitro	placeholder_class
MimsSoil	https://raw.githubusercontent.com/GenomicsStandardsConsortium/mixs/v6.2.0/src/mixs/schema/mixs.yaml			particle_class	placeholder_class
MimsSoil	https://raw.githubusercontent.com/GenomicsStandardsConsortium/mixs/v6.2.0/src/mixs/schema/mixs.yaml			pcr_cond	placeholder_class
MimsSoil	https://raw.githubusercontent.com/GenomicsStandardsConsortium/mixs/v6.2.0/src/mixs/schema/mixs.yaml			pcr_primers	placeholder_class
MimsSoil	https://raw.githubusercontent.com/GenomicsStandardsConsortium/mixs/v6.2.0/src/mixs/schema/mixs.yaml			permeability	placeholder_class
MimsSoil	https://raw.githubusercontent.com/GenomicsStandardsConsortium/mixs/v6.2.0/src/mixs/schema/mixs.yaml			perturbation	placeholder_class
MimsSoil	https://raw.githubusercontent.com/GenomicsStandardsConsortium/mixs/v6.2.0/src/mixs/schema/mixs.yaml			pesticide_regm	placeholder_class
MimsSoil	https://raw.githubusercontent.com/GenomicsStandardsConsortium/mixs/v6.2.0/src/mixs/schema/mixs.yaml			petroleum_hydrocarb	placeholder_class
MimsSoil	https://raw.githubusercontent.com/GenomicsStandardsConsortium/mixs/v6.2.0/src/mixs/schema/mixs.yaml			ph	placeholder_class
MimsSoil	https://raw.githubusercontent.com/GenomicsStandardsConsortium/mixs/v6.2.0/src/mixs/schema/mixs.yaml			ph_meth	placeholder_class
MimsSoil	https://raw.githubusercontent.com/GenomicsStandardsConsortium/mixs/v6.2.0/src/mixs/schema/mixs.yaml			ph_regm	placeholder_class
MimsSoil	https://raw.githubusercontent.com/GenomicsStandardsConsortium/mixs/v6.2.0/src/mixs/schema/mixs.yaml			phaeopigments	placeholder_class
MimsSoil	https://raw.githubusercontent.com/GenomicsStandardsConsortium/mixs/v6.2.0/src/mixs/schema/mixs.yaml			phosphate	placeholder_class
MimsSoil	https://raw.githubusercontent.com/GenomicsStandardsConsortium/mixs/v6.2.0/src/mixs/schema/mixs.yaml			phosplipid_fatt_acid	placeholder_class
MimsSoil	https://raw.githubusercontent.com/GenomicsStandardsConsortium/mixs/v6.2.0/src/mixs/schema/mixs.yaml			photon_flux	placeholder_class
MimsSoil	https://raw.githubusercontent.com/GenomicsStandardsConsortium/mixs/v6.2.0/src/mixs/schema/mixs.yaml			plant_growth_med	placeholder_class
MimsSoil	https://raw.githubusercontent.com/GenomicsStandardsConsortium/mixs/v6.2.0/src/mixs/schema/mixs.yaml			plant_product	placeholder_class
MimsSoil	https://raw.githubusercontent.com/GenomicsStandardsConsortium/mixs/v6.2.0/src/mixs/schema/mixs.yaml			plant_sex	placeholder_class
MimsSoil	https://raw.githubusercontent.com/GenomicsStandardsConsortium/mixs/v6.2.0/src/mixs/schema/mixs.yaml			plant_struc	placeholder_class
MimsSoil	https://raw.githubusercontent.com/GenomicsStandardsConsortium/mixs/v6.2.0/src/mixs/schema/mixs.yaml			pollutants	placeholder_class
MimsSoil	https://raw.githubusercontent.com/GenomicsStandardsConsortium/mixs/v6.2.0/src/mixs/schema/mixs.yaml			pool_dna_extracts	placeholder_class
MimsSoil	https://raw.githubusercontent.com/GenomicsStandardsConsortium/mixs/v6.2.0/src/mixs/schema/mixs.yaml			porosity	placeholder_class
MimsSoil	https://raw.githubusercontent.com/GenomicsStandardsConsortium/mixs/v6.2.0/src/mixs/schema/mixs.yaml			potassium	placeholder_class
MimsSoil	https://raw.githubusercontent.com/GenomicsStandardsConsortium/mixs/v6.2.0/src/mixs/schema/mixs.yaml			pour_point	placeholder_class
MimsSoil	https://raw.githubusercontent.com/GenomicsStandardsConsortium/mixs/v6.2.0/src/mixs/schema/mixs.yaml			pre_treatment	placeholder_class
MimsSoil	https://raw.githubusercontent.com/GenomicsStandardsConsortium/mixs/v6.2.0/src/mixs/schema/mixs.yaml			pres_animal_insect	placeholder_class
MimsSoil	https://raw.githubusercontent.com/GenomicsStandardsConsortium/mixs/v6.2.0/src/mixs/schema/mixs.yaml			pressure	placeholder_class
MimsSoil	https://raw.githubusercontent.com/GenomicsStandardsConsortium/mixs/v6.2.0/src/mixs/schema/mixs.yaml			prev_land_use_meth	placeholder_class
MimsSoil	https://raw.githubusercontent.com/GenomicsStandardsConsortium/mixs/v6.2.0/src/mixs/schema/mixs.yaml			previous_land_use	placeholder_class
MimsSoil	https://raw.githubusercontent.com/GenomicsStandardsConsortium/mixs/v6.2.0/src/mixs/schema/mixs.yaml			primary_prod	placeholder_class
MimsSoil	https://raw.githubusercontent.com/GenomicsStandardsConsortium/mixs/v6.2.0/src/mixs/schema/mixs.yaml			primary_treatment	placeholder_class
MimsSoil	https://raw.githubusercontent.com/GenomicsStandardsConsortium/mixs/v6.2.0/src/mixs/schema/mixs.yaml			prod_rate	placeholder_class
MimsSoil	https://raw.githubusercontent.com/GenomicsStandardsConsortium/mixs/v6.2.0/src/mixs/schema/mixs.yaml			prod_start_date	placeholder_class
MimsSoil	https://raw.githubusercontent.com/GenomicsStandardsConsortium/mixs/v6.2.0/src/mixs/schema/mixs.yaml			profile_position	placeholder_class
MimsSoil	https://raw.githubusercontent.com/GenomicsStandardsConsortium/mixs/v6.2.0/src/mixs/schema/mixs.yaml			quad_pos	placeholder_class
MimsSoil	https://raw.githubusercontent.com/GenomicsStandardsConsortium/mixs/v6.2.0/src/mixs/schema/mixs.yaml			radiation_regm	placeholder_class
MimsSoil	https://raw.githubusercontent.com/GenomicsStandardsConsortium/mixs/v6.2.0/src/mixs/schema/mixs.yaml			rainfall_regm	placeholder_class
MimsSoil	https://raw.githubusercontent.com/GenomicsStandardsConsortium/mixs/v6.2.0/src/mixs/schema/mixs.yaml			reactor_type	placeholder_class
MimsSoil	https://raw.githubusercontent.com/GenomicsStandardsConsortium/mixs/v6.2.0/src/mixs/schema/mixs.yaml			redox_potential	placeholder_class
MimsSoil	https://raw.githubusercontent.com/GenomicsStandardsConsortium/mixs/v6.2.0/src/mixs/schema/mixs.yaml			rel_air_humidity	placeholder_class
MimsSoil	https://raw.githubusercontent.com/GenomicsStandardsConsortium/mixs/v6.2.0/src/mixs/schema/mixs.yaml			rel_humidity_out	placeholder_class
MimsSoil	https://raw.githubusercontent.com/GenomicsStandardsConsortium/mixs/v6.2.0/src/mixs/schema/mixs.yaml			rel_samp_loc	placeholder_class
MimsSoil	https://raw.githubusercontent.com/GenomicsStandardsConsortium/mixs/v6.2.0/src/mixs/schema/mixs.yaml			reservoir	placeholder_class
MimsSoil	https://raw.githubusercontent.com/GenomicsStandardsConsortium/mixs/v6.2.0/src/mixs/schema/mixs.yaml			resins_pc	placeholder_class
MimsSoil	https://raw.githubusercontent.com/GenomicsStandardsConsortium/mixs/v6.2.0/src/mixs/schema/mixs.yaml			room_air_exch_rate	placeholder_class
MimsSoil	https://raw.githubusercontent.com/GenomicsStandardsConsortium/mixs/v6.2.0/src/mixs/schema/mixs.yaml			room_architec_elem	placeholder_class
MimsSoil	https://raw.githubusercontent.com/GenomicsStandardsConsortium/mixs/v6.2.0/src/mixs/schema/mixs.yaml			room_condt	placeholder_class
MimsSoil	https://raw.githubusercontent.com/GenomicsStandardsConsortium/mixs/v6.2.0/src/mixs/schema/mixs.yaml			room_connected	placeholder_class
MimsSoil	https://raw.githubusercontent.com/GenomicsStandardsConsortium/mixs/v6.2.0/src/mixs/schema/mixs.yaml			room_count	placeholder_class
MimsSoil	https://raw.githubusercontent.com/GenomicsStandardsConsortium/mixs/v6.2.0/src/mixs/schema/mixs.yaml			room_dim	placeholder_class
MimsSoil	https://raw.githubusercontent.com/GenomicsStandardsConsortium/mixs/v6.2.0/src/mixs/schema/mixs.yaml			room_door_dist	placeholder_class
MimsSoil	https://raw.githubusercontent.com/GenomicsStandardsConsortium/mixs/v6.2.0/src/mixs/schema/mixs.yaml			room_door_share	placeholder_class
MimsSoil	https://raw.githubusercontent.com/GenomicsStandardsConsortium/mixs/v6.2.0/src/mixs/schema/mixs.yaml			room_hallway	placeholder_class
MimsSoil	https://raw.githubusercontent.com/GenomicsStandardsConsortium/mixs/v6.2.0/src/mixs/schema/mixs.yaml			room_loc	placeholder_class
MimsSoil	https://raw.githubusercontent.com/GenomicsStandardsConsortium/mixs/v6.2.0/src/mixs/schema/mixs.yaml			room_moist_dam_hist	placeholder_class
MimsSoil	https://raw.githubusercontent.com/GenomicsStandardsConsortium/mixs/v6.2.0/src/mixs/schema/mixs.yaml			room_net_area	placeholder_class
MimsSoil	https://raw.githubusercontent.com/GenomicsStandardsConsortium/mixs/v6.2.0/src/mixs/schema/mixs.yaml			room_occup	placeholder_class
MimsSoil	https://raw.githubusercontent.com/GenomicsStandardsConsortium/mixs/v6.2.0/src/mixs/schema/mixs.yaml			room_samp_pos	placeholder_class
MimsSoil	https://raw.githubusercontent.com/GenomicsStandardsConsortium/mixs/v6.2.0/src/mixs/schema/mixs.yaml			room_type	placeholder_class
MimsSoil	https://raw.githubusercontent.com/GenomicsStandardsConsortium/mixs/v6.2.0/src/mixs/schema/mixs.yaml			room_vol	placeholder_class
MimsSoil	https://raw.githubusercontent.com/GenomicsStandardsConsortium/mixs/v6.2.0/src/mixs/schema/mixs.yaml			room_wall_share	placeholder_class
MimsSoil	https://raw.githubusercontent.com/GenomicsStandardsConsortium/mixs/v6.2.0/src/mixs/schema/mixs.yaml			room_window_count	placeholder_class
MimsSoil	https://raw.githubusercontent.com/GenomicsStandardsConsortium/mixs/v6.2.0/src/mixs/schema/mixs.yaml			root_cond	placeholder_class
MimsSoil	https://raw.githubusercontent.com/GenomicsStandardsConsortium/mixs/v6.2.0/src/mixs/schema/mixs.yaml			root_med_carbon	placeholder_class
MimsSoil	https://raw.githubusercontent.com/GenomicsStandardsConsortium/mixs/v6.2.0/src/mixs/schema/mixs.yaml			root_med_macronutr	placeholder_class
MimsSoil	https://raw.githubusercontent.com/GenomicsStandardsConsortium/mixs/v6.2.0/src/mixs/schema/mixs.yaml			root_med_micronutr	placeholder_class
MimsSoil	https://raw.githubusercontent.com/GenomicsStandardsConsortium/mixs/v6.2.0/src/mixs/schema/mixs.yaml			root_med_ph	placeholder_class
MimsSoil	https://raw.githubusercontent.com/GenomicsStandardsConsortium/mixs/v6.2.0/src/mixs/schema/mixs.yaml			root_med_regl	placeholder_class
MimsSoil	https://raw.githubusercontent.com/GenomicsStandardsConsortium/mixs/v6.2.0/src/mixs/schema/mixs.yaml			root_med_solid	placeholder_class
MimsSoil	https://raw.githubusercontent.com/GenomicsStandardsConsortium/mixs/v6.2.0/src/mixs/schema/mixs.yaml			root_med_suppl	placeholder_class
MimsSoil	https://raw.githubusercontent.com/GenomicsStandardsConsortium/mixs/v6.2.0/src/mixs/schema/mixs.yaml			salinity	placeholder_class
MimsSoil	https://raw.githubusercontent.com/GenomicsStandardsConsortium/mixs/v6.2.0/src/mixs/schema/mixs.yaml			salt_regm	placeholder_class
MimsSoil	https://raw.githubusercontent.com/GenomicsStandardsConsortium/mixs/v6.2.0/src/mixs/schema/mixs.yaml			samp_capt_status	placeholder_class
MimsSoil	https://raw.githubusercontent.com/GenomicsStandardsConsortium/mixs/v6.2.0/src/mixs/schema/mixs.yaml			samp_collect_point	placeholder_class
MimsSoil	https://raw.githubusercontent.com/GenomicsStandardsConsortium/mixs/v6.2.0/src/mixs/schema/mixs.yaml			samp_dis_stage	placeholder_class
MimsSoil	https://raw.githubusercontent.com/GenomicsStandardsConsortium/mixs/v6.2.0/src/mixs/schema/mixs.yaml			samp_floor	placeholder_class
MimsSoil	https://raw.githubusercontent.com/GenomicsStandardsConsortium/mixs/v6.2.0/src/mixs/schema/mixs.yaml			samp_loc_corr_rate	placeholder_class
MimsSoil	https://raw.githubusercontent.com/GenomicsStandardsConsortium/mixs/v6.2.0/src/mixs/schema/mixs.yaml			samp_mat_process	placeholder_class
MimsSoil	https://raw.githubusercontent.com/GenomicsStandardsConsortium/mixs/v6.2.0/src/mixs/schema/mixs.yaml			samp_md	placeholder_class
MimsSoil	https://raw.githubusercontent.com/GenomicsStandardsConsortium/mixs/v6.2.0/src/mixs/schema/mixs.yaml			samp_name	placeholder_class
MimsSoil	https://raw.githubusercontent.com/GenomicsStandardsConsortium/mixs/v6.2.0/src/mixs/schema/mixs.yaml			samp_preserv	placeholder_class
MimsSoil	https://raw.githubusercontent.com/GenomicsStandardsConsortium/mixs/v6.2.0/src/mixs/schema/mixs.yaml			samp_room_id	placeholder_class
MimsSoil	https://raw.githubusercontent.com/GenomicsStandardsConsortium/mixs/v6.2.0/src/mixs/schema/mixs.yaml			samp_size	placeholder_class
MimsSoil	https://raw.githubusercontent.com/GenomicsStandardsConsortium/mixs/v6.2.0/src/mixs/schema/mixs.yaml			samp_sort_meth	placeholder_class
MimsSoil	https://raw.githubusercontent.com/GenomicsStandardsConsortium/mixs/v6.2.0/src/mixs/schema/mixs.yaml			samp_store_dur	placeholder_class
MimsSoil	https://raw.githubusercontent.com/GenomicsStandardsConsortium/mixs/v6.2.0/src/mixs/schema/mixs.yaml			samp_store_loc	placeholder_class
MimsSoil	https://raw.githubusercontent.com/GenomicsStandardsConsortium/mixs/v6.2.0/src/mixs/schema/mixs.yaml			samp_store_temp	placeholder_class
MimsSoil	https://raw.githubusercontent.com/GenomicsStandardsConsortium/mixs/v6.2.0/src/mixs/schema/mixs.yaml			samp_subtype	placeholder_class
MimsSoil	https://raw.githubusercontent.com/GenomicsStandardsConsortium/mixs/v6.2.0/src/mixs/schema/mixs.yaml			samp_taxon_id	placeholder_class
MimsSoil	https://raw.githubusercontent.com/GenomicsStandardsConsortium/mixs/v6.2.0/src/mixs/schema/mixs.yaml			samp_time_out	placeholder_class
MimsSoil	https://raw.githubusercontent.com/GenomicsStandardsConsortium/mixs/v6.2.0/src/mixs/schema/mixs.yaml			samp_transport_cond	placeholder_class
MimsSoil	https://raw.githubusercontent.com/GenomicsStandardsConsortium/mixs/v6.2.0/src/mixs/schema/mixs.yaml			samp_tvdss	placeholder_class
MimsSoil	https://raw.githubusercontent.com/GenomicsStandardsConsortium/mixs/v6.2.0/src/mixs/schema/mixs.yaml			samp_type	placeholder_class
MimsSoil	https://raw.githubusercontent.com/GenomicsStandardsConsortium/mixs/v6.2.0/src/mixs/schema/mixs.yaml			samp_vol_we_dna_ext	placeholder_class
MimsSoil	https://raw.githubusercontent.com/GenomicsStandardsConsortium/mixs/v6.2.0/src/mixs/schema/mixs.yaml			samp_weather	placeholder_class
MimsSoil	https://raw.githubusercontent.com/GenomicsStandardsConsortium/mixs/v6.2.0/src/mixs/schema/mixs.yaml			samp_well_name	placeholder_class
MimsSoil	https://raw.githubusercontent.com/GenomicsStandardsConsortium/mixs/v6.2.0/src/mixs/schema/mixs.yaml			saturates_pc	placeholder_class
MimsSoil	https://raw.githubusercontent.com/GenomicsStandardsConsortium/mixs/v6.2.0/src/mixs/schema/mixs.yaml			season	placeholder_class
MimsSoil	https://raw.githubusercontent.com/GenomicsStandardsConsortium/mixs/v6.2.0/src/mixs/schema/mixs.yaml			season_environment	placeholder_class
MimsSoil	https://raw.githubusercontent.com/GenomicsStandardsConsortium/mixs/v6.2.0/src/mixs/schema/mixs.yaml			season_precpt	placeholder_class
MimsSoil	https://raw.githubusercontent.com/GenomicsStandardsConsortium/mixs/v6.2.0/src/mixs/schema/mixs.yaml			season_temp	placeholder_class
MimsSoil	https://raw.githubusercontent.com/GenomicsStandardsConsortium/mixs/v6.2.0/src/mixs/schema/mixs.yaml			season_use	placeholder_class
MimsSoil	https://raw.githubusercontent.com/GenomicsStandardsConsortium/mixs/v6.2.0/src/mixs/schema/mixs.yaml			secondary_treatment	placeholder_class
MimsSoil	https://raw.githubusercontent.com/GenomicsStandardsConsortium/mixs/v6.2.0/src/mixs/schema/mixs.yaml			sediment_type	placeholder_class
MimsSoil	https://raw.githubusercontent.com/GenomicsStandardsConsortium/mixs/v6.2.0/src/mixs/schema/mixs.yaml			seq_meth	placeholder_class
MimsSoil	https://raw.githubusercontent.com/GenomicsStandardsConsortium/mixs/v6.2.0/src/mixs/schema/mixs.yaml			seq_quality_check	placeholder_class
MimsSoil	https://raw.githubusercontent.com/GenomicsStandardsConsortium/mixs/v6.2.0/src/mixs/schema/mixs.yaml			sewage_type	placeholder_class
MimsSoil	https://raw.githubusercontent.com/GenomicsStandardsConsortium/mixs/v6.2.0/src/mixs/schema/mixs.yaml			shad_dev_water_mold	placeholder_class
MimsSoil	https://raw.githubusercontent.com/GenomicsStandardsConsortium/mixs/v6.2.0/src/mixs/schema/mixs.yaml			shading_device_cond	placeholder_class
MimsSoil	https://raw.githubusercontent.com/GenomicsStandardsConsortium/mixs/v6.2.0/src/mixs/schema/mixs.yaml			shading_device_loc	placeholder_class
MimsSoil	https://raw.githubusercontent.com/GenomicsStandardsConsortium/mixs/v6.2.0/src/mixs/schema/mixs.yaml			shading_device_mat	placeholder_class
MimsSoil	https://raw.githubusercontent.com/GenomicsStandardsConsortium/mixs/v6.2.0/src/mixs/schema/mixs.yaml			shading_device_type	placeholder_class
MimsSoil	https://raw.githubusercontent.com/GenomicsStandardsConsortium/mixs/v6.2.0/src/mixs/schema/mixs.yaml			sieving	placeholder_class
MimsSoil	https://raw.githubusercontent.com/GenomicsStandardsConsortium/mixs/v6.2.0/src/mixs/schema/mixs.yaml			silicate	placeholder_class
MimsSoil	https://raw.githubusercontent.com/GenomicsStandardsConsortium/mixs/v6.2.0/src/mixs/schema/mixs.yaml			size_frac	placeholder_class
MimsSoil	https://raw.githubusercontent.com/GenomicsStandardsConsortium/mixs/v6.2.0/src/mixs/schema/mixs.yaml			size_frac_low	placeholder_class
MimsSoil	https://raw.githubusercontent.com/GenomicsStandardsConsortium/mixs/v6.2.0/src/mixs/schema/mixs.yaml			size_frac_up	placeholder_class
MimsSoil	https://raw.githubusercontent.com/GenomicsStandardsConsortium/mixs/v6.2.0/src/mixs/schema/mixs.yaml			slope_aspect	placeholder_class
MimsSoil	https://raw.githubusercontent.com/GenomicsStandardsConsortium/mixs/v6.2.0/src/mixs/schema/mixs.yaml			slope_gradient	placeholder_class
MimsSoil	https://raw.githubusercontent.com/GenomicsStandardsConsortium/mixs/v6.2.0/src/mixs/schema/mixs.yaml			sludge_retent_time	placeholder_class
MimsSoil	https://raw.githubusercontent.com/GenomicsStandardsConsortium/mixs/v6.2.0/src/mixs/schema/mixs.yaml			sodium	placeholder_class
MimsSoil	https://raw.githubusercontent.com/GenomicsStandardsConsortium/mixs/v6.2.0/src/mixs/schema/mixs.yaml			soil_horizon	placeholder_class
MimsSoil	https://raw.githubusercontent.com/GenomicsStandardsConsortium/mixs/v6.2.0/src/mixs/schema/mixs.yaml			soil_texture_meth	placeholder_class
MimsSoil	https://raw.githubusercontent.com/GenomicsStandardsConsortium/mixs/v6.2.0/src/mixs/schema/mixs.yaml			soil_type	placeholder_class
MimsSoil	https://raw.githubusercontent.com/GenomicsStandardsConsortium/mixs/v6.2.0/src/mixs/schema/mixs.yaml			soil_type_meth	placeholder_class
MimsSoil	https://raw.githubusercontent.com/GenomicsStandardsConsortium/mixs/v6.2.0/src/mixs/schema/mixs.yaml			solar_irradiance	placeholder_class
MimsSoil	https://raw.githubusercontent.com/GenomicsStandardsConsortium/mixs/v6.2.0/src/mixs/schema/mixs.yaml			soluble_inorg_mat	placeholder_class
MimsSoil	https://raw.githubusercontent.com/GenomicsStandardsConsortium/mixs/v6.2.0/src/mixs/schema/mixs.yaml			soluble_org_mat	placeholder_class
MimsSoil	https://raw.githubusercontent.com/GenomicsStandardsConsortium/mixs/v6.2.0/src/mixs/schema/mixs.yaml			soluble_react_phosp	placeholder_class
MimsSoil	https://raw.githubusercontent.com/GenomicsStandardsConsortium/mixs/v6.2.0/src/mixs/schema/mixs.yaml			source_mat_id	placeholder_class
MimsSoil	https://raw.githubusercontent.com/GenomicsStandardsConsortium/mixs/v6.2.0/src/mixs/schema/mixs.yaml			space_typ_state	placeholder_class
MimsSoil	https://raw.githubusercontent.com/GenomicsStandardsConsortium/mixs/v6.2.0/src/mixs/schema/mixs.yaml			specific	placeholder_class
MimsSoil	https://raw.githubusercontent.com/GenomicsStandardsConsortium/mixs/v6.2.0/src/mixs/schema/mixs.yaml			specific_humidity	placeholder_class
MimsSoil	https://raw.githubusercontent.com/GenomicsStandardsConsortium/mixs/v6.2.0/src/mixs/schema/mixs.yaml			sr_dep_env	placeholder_class
MimsSoil	https://raw.githubusercontent.com/GenomicsStandardsConsortium/mixs/v6.2.0/src/mixs/schema/mixs.yaml			sr_geol_age	placeholder_class
MimsSoil	https://raw.githubusercontent.com/GenomicsStandardsConsortium/mixs/v6.2.0/src/mixs/schema/mixs.yaml			sr_kerog_type	placeholder_class
MimsSoil	https://raw.githubusercontent.com/GenomicsStandardsConsortium/mixs/v6.2.0/src/mixs/schema/mixs.yaml			sr_lithology	placeholder_class
MimsSoil	https://raw.githubusercontent.com/GenomicsStandardsConsortium/mixs/v6.2.0/src/mixs/schema/mixs.yaml			standing_water_regm	placeholder_class
MimsSoil	https://raw.githubusercontent.com/GenomicsStandardsConsortium/mixs/v6.2.0/src/mixs/schema/mixs.yaml			store_cond	placeholder_class
MimsSoil	https://raw.githubusercontent.com/GenomicsStandardsConsortium/mixs/v6.2.0/src/mixs/schema/mixs.yaml			substructure_type	placeholder_class
MimsSoil	https://raw.githubusercontent.com/GenomicsStandardsConsortium/mixs/v6.2.0/src/mixs/schema/mixs.yaml			sulfate	placeholder_class
MimsSoil	https://raw.githubusercontent.com/GenomicsStandardsConsortium/mixs/v6.2.0/src/mixs/schema/mixs.yaml			sulfate_fw	placeholder_class
MimsSoil	https://raw.githubusercontent.com/GenomicsStandardsConsortium/mixs/v6.2.0/src/mixs/schema/mixs.yaml			sulfide	placeholder_class
MimsSoil	https://raw.githubusercontent.com/GenomicsStandardsConsortium/mixs/v6.2.0/src/mixs/schema/mixs.yaml			surf_air_cont	placeholder_class
MimsSoil	https://raw.githubusercontent.com/GenomicsStandardsConsortium/mixs/v6.2.0/src/mixs/schema/mixs.yaml			surf_humidity	placeholder_class
MimsSoil	https://raw.githubusercontent.com/GenomicsStandardsConsortium/mixs/v6.2.0/src/mixs/schema/mixs.yaml			surf_material	placeholder_class
MimsSoil	https://raw.githubusercontent.com/GenomicsStandardsConsortium/mixs/v6.2.0/src/mixs/schema/mixs.yaml			surf_moisture	placeholder_class
MimsSoil	https://raw.githubusercontent.com/GenomicsStandardsConsortium/mixs/v6.2.0/src/mixs/schema/mixs.yaml			surf_moisture_ph	placeholder_class
MimsSoil	https://raw.githubusercontent.com/GenomicsStandardsConsortium/mixs/v6.2.0/src/mixs/schema/mixs.yaml			surf_temp	placeholder_class
MimsSoil	https://raw.githubusercontent.com/GenomicsStandardsConsortium/mixs/v6.2.0/src/mixs/schema/mixs.yaml			suspend_part_matter	placeholder_class
MimsSoil	https://raw.githubusercontent.com/GenomicsStandardsConsortium/mixs/v6.2.0/src/mixs/schema/mixs.yaml			suspend_solids	placeholder_class
MimsSoil	https://raw.githubusercontent.com/GenomicsStandardsConsortium/mixs/v6.2.0/src/mixs/schema/mixs.yaml			tan	placeholder_class
MimsSoil	https://raw.githubusercontent.com/GenomicsStandardsConsortium/mixs/v6.2.0/src/mixs/schema/mixs.yaml			target_gene	placeholder_class
MimsSoil	https://raw.githubusercontent.com/GenomicsStandardsConsortium/mixs/v6.2.0/src/mixs/schema/mixs.yaml			target_subfragment	placeholder_class
MimsSoil	https://raw.githubusercontent.com/GenomicsStandardsConsortium/mixs/v6.2.0/src/mixs/schema/mixs.yaml			temp	placeholder_class
MimsSoil	https://raw.githubusercontent.com/GenomicsStandardsConsortium/mixs/v6.2.0/src/mixs/schema/mixs.yaml			temp_out	placeholder_class
MimsSoil	https://raw.githubusercontent.com/GenomicsStandardsConsortium/mixs/v6.2.0/src/mixs/schema/mixs.yaml			tertiary_treatment	placeholder_class
MimsSoil	https://raw.githubusercontent.com/GenomicsStandardsConsortium/mixs/v6.2.0/src/mixs/schema/mixs.yaml			tidal_stage	placeholder_class
MimsSoil	https://raw.githubusercontent.com/GenomicsStandardsConsortium/mixs/v6.2.0/src/mixs/schema/mixs.yaml			tillage	placeholder_class
MimsSoil	https://raw.githubusercontent.com/GenomicsStandardsConsortium/mixs/v6.2.0/src/mixs/schema/mixs.yaml			tiss_cult_growth_med	placeholder_class
MimsSoil	https://raw.githubusercontent.com/GenomicsStandardsConsortium/mixs/v6.2.0/src/mixs/schema/mixs.yaml			toluene	placeholder_class
MimsSoil	https://raw.githubusercontent.com/GenomicsStandardsConsortium/mixs/v6.2.0/src/mixs/schema/mixs.yaml			tot_carb	placeholder_class
MimsSoil	https://raw.githubusercontent.com/GenomicsStandardsConsortium/mixs/v6.2.0/src/mixs/schema/mixs.yaml			tot_depth_water_col	placeholder_class
MimsSoil	https://raw.githubusercontent.com/GenomicsStandardsConsortium/mixs/v6.2.0/src/mixs/schema/mixs.yaml			tot_diss_nitro	placeholder_class
MimsSoil	https://raw.githubusercontent.com/GenomicsStandardsConsortium/mixs/v6.2.0/src/mixs/schema/mixs.yaml			tot_inorg_nitro	placeholder_class
MimsSoil	https://raw.githubusercontent.com/GenomicsStandardsConsortium/mixs/v6.2.0/src/mixs/schema/mixs.yaml			tot_iron	placeholder_class
MimsSoil	https://raw.githubusercontent.com/GenomicsStandardsConsortium/mixs/v6.2.0/src/mixs/schema/mixs.yaml			tot_nitro	placeholder_class
MimsSoil	https://raw.githubusercontent.com/GenomicsStandardsConsortium/mixs/v6.2.0/src/mixs/schema/mixs.yaml			tot_nitro_cont_meth	placeholder_class
MimsSoil	https://raw.githubusercontent.com/GenomicsStandardsConsortium/mixs/v6.2.0/src/mixs/schema/mixs.yaml			tot_nitro_content	placeholder_class
MimsSoil	https://raw.githubusercontent.com/GenomicsStandardsConsortium/mixs/v6.2.0/src/mixs/schema/mixs.yaml			tot_org_c_meth	placeholder_class
MimsSoil	https://raw.githubusercontent.com/GenomicsStandardsConsortium/mixs/v6.2.0/src/mixs/schema/mixs.yaml			tot_org_carb	placeholder_class
MimsSoil	https://raw.githubusercontent.com/GenomicsStandardsConsortium/mixs/v6.2.0/src/mixs/schema/mixs.yaml			tot_part_carb	placeholder_class
MimsSoil	https://raw.githubusercontent.com/GenomicsStandardsConsortium/mixs/v6.2.0/src/mixs/schema/mixs.yaml			tot_phosp	placeholder_class
MimsSoil	https://raw.githubusercontent.com/GenomicsStandardsConsortium/mixs/v6.2.0/src/mixs/schema/mixs.yaml			tot_phosphate	placeholder_class
MimsSoil	https://raw.githubusercontent.com/GenomicsStandardsConsortium/mixs/v6.2.0/src/mixs/schema/mixs.yaml			tot_sulfur	placeholder_class
MimsSoil	https://raw.githubusercontent.com/GenomicsStandardsConsortium/mixs/v6.2.0/src/mixs/schema/mixs.yaml			train_line	placeholder_class
MimsSoil	https://raw.githubusercontent.com/GenomicsStandardsConsortium/mixs/v6.2.0/src/mixs/schema/mixs.yaml			train_stat_loc	placeholder_class
MimsSoil	https://raw.githubusercontent.com/GenomicsStandardsConsortium/mixs/v6.2.0/src/mixs/schema/mixs.yaml			train_stop_loc	placeholder_class
MimsSoil	https://raw.githubusercontent.com/GenomicsStandardsConsortium/mixs/v6.2.0/src/mixs/schema/mixs.yaml			turbidity	placeholder_class
MimsSoil	https://raw.githubusercontent.com/GenomicsStandardsConsortium/mixs/v6.2.0/src/mixs/schema/mixs.yaml			tvdss_of_hcr_press	placeholder_class
MimsSoil	https://raw.githubusercontent.com/GenomicsStandardsConsortium/mixs/v6.2.0/src/mixs/schema/mixs.yaml			tvdss_of_hcr_temp	placeholder_class
MimsSoil	https://raw.githubusercontent.com/GenomicsStandardsConsortium/mixs/v6.2.0/src/mixs/schema/mixs.yaml			typ_occup_density	placeholder_class
MimsSoil	https://raw.githubusercontent.com/GenomicsStandardsConsortium/mixs/v6.2.0/src/mixs/schema/mixs.yaml			ventilation_rate	placeholder_class
MimsSoil	https://raw.githubusercontent.com/GenomicsStandardsConsortium/mixs/v6.2.0/src/mixs/schema/mixs.yaml			ventilation_type	placeholder_class
MimsSoil	https://raw.githubusercontent.com/GenomicsStandardsConsortium/mixs/v6.2.0/src/mixs/schema/mixs.yaml			vfa	placeholder_class
MimsSoil	https://raw.githubusercontent.com/GenomicsStandardsConsortium/mixs/v6.2.0/src/mixs/schema/mixs.yaml			vfa_fw	placeholder_class
MimsSoil	https://raw.githubusercontent.com/GenomicsStandardsConsortium/mixs/v6.2.0/src/mixs/schema/mixs.yaml			vis_media	placeholder_class
MimsSoil	https://raw.githubusercontent.com/GenomicsStandardsConsortium/mixs/v6.2.0/src/mixs/schema/mixs.yaml			viscosity	placeholder_class
MimsSoil	https://raw.githubusercontent.com/GenomicsStandardsConsortium/mixs/v6.2.0/src/mixs/schema/mixs.yaml			volatile_org_comp	placeholder_class
MimsSoil	https://raw.githubusercontent.com/GenomicsStandardsConsortium/mixs/v6.2.0/src/mixs/schema/mixs.yaml			wall_area	placeholder_class
MimsSoil	https://raw.githubusercontent.com/GenomicsStandardsConsortium/mixs/v6.2.0/src/mixs/schema/mixs.yaml			wall_const_type	placeholder_class
MimsSoil	https://raw.githubusercontent.com/GenomicsStandardsConsortium/mixs/v6.2.0/src/mixs/schema/mixs.yaml			wall_finish_mat	placeholder_class
MimsSoil	https://raw.githubusercontent.com/GenomicsStandardsConsortium/mixs/v6.2.0/src/mixs/schema/mixs.yaml			wall_height	placeholder_class
MimsSoil	https://raw.githubusercontent.com/GenomicsStandardsConsortium/mixs/v6.2.0/src/mixs/schema/mixs.yaml			wall_loc	placeholder_class
MimsSoil	https://raw.githubusercontent.com/GenomicsStandardsConsortium/mixs/v6.2.0/src/mixs/schema/mixs.yaml			wall_surf_treatment	placeholder_class
MimsSoil	https://raw.githubusercontent.com/GenomicsStandardsConsortium/mixs/v6.2.0/src/mixs/schema/mixs.yaml			wall_texture	placeholder_class
MimsSoil	https://raw.githubusercontent.com/GenomicsStandardsConsortium/mixs/v6.2.0/src/mixs/schema/mixs.yaml			wall_thermal_mass	placeholder_class
MimsSoil	https://raw.githubusercontent.com/GenomicsStandardsConsortium/mixs/v6.2.0/src/mixs/schema/mixs.yaml			wall_water_mold	placeholder_class
MimsSoil	https://raw.githubusercontent.com/GenomicsStandardsConsortium/mixs/v6.2.0/src/mixs/schema/mixs.yaml			wastewater_type	placeholder_class
MimsSoil	https://raw.githubusercontent.com/GenomicsStandardsConsortium/mixs/v6.2.0/src/mixs/schema/mixs.yaml			water_cont_soil_meth	placeholder_class
MimsSoil	https://raw.githubusercontent.com/GenomicsStandardsConsortium/mixs/v6.2.0/src/mixs/schema/mixs.yaml			water_content	placeholder_class
MimsSoil	https://raw.githubusercontent.com/GenomicsStandardsConsortium/mixs/v6.2.0/src/mixs/schema/mixs.yaml			water_current	placeholder_class
MimsSoil	https://raw.githubusercontent.com/GenomicsStandardsConsortium/mixs/v6.2.0/src/mixs/schema/mixs.yaml			water_cut	placeholder_class
MimsSoil	https://raw.githubusercontent.com/GenomicsStandardsConsortium/mixs/v6.2.0/src/mixs/schema/mixs.yaml			water_feat_size	placeholder_class
MimsSoil	https://raw.githubusercontent.com/GenomicsStandardsConsortium/mixs/v6.2.0/src/mixs/schema/mixs.yaml			water_feat_type	placeholder_class
MimsSoil	https://raw.githubusercontent.com/GenomicsStandardsConsortium/mixs/v6.2.0/src/mixs/schema/mixs.yaml			water_prod_rate	placeholder_class
MimsSoil	https://raw.githubusercontent.com/GenomicsStandardsConsortium/mixs/v6.2.0/src/mixs/schema/mixs.yaml			water_temp_regm	placeholder_class
MimsSoil	https://raw.githubusercontent.com/GenomicsStandardsConsortium/mixs/v6.2.0/src/mixs/schema/mixs.yaml			watering_regm	placeholder_class
MimsSoil	https://raw.githubusercontent.com/GenomicsStandardsConsortium/mixs/v6.2.0/src/mixs/schema/mixs.yaml			weekday	placeholder_class
MimsSoil	https://raw.githubusercontent.com/GenomicsStandardsConsortium/mixs/v6.2.0/src/mixs/schema/mixs.yaml			win	placeholder_class
MimsSoil	https://raw.githubusercontent.com/GenomicsStandardsConsortium/mixs/v6.2.0/src/mixs/schema/mixs.yaml			wind_direction	placeholder_class
MimsSoil	https://raw.githubusercontent.com/GenomicsStandardsConsortium/mixs/v6.2.0/src/mixs/schema/mixs.yaml			wind_speed	placeholder_class
MimsSoil	https://raw.githubusercontent.com/GenomicsStandardsConsortium/mixs/v6.2.0/src/mixs/schema/mixs.yaml			window_cond	placeholder_class
MimsSoil	https://raw.githubusercontent.com/GenomicsStandardsConsortium/mixs/v6.2.0/src/mixs/schema/mixs.yaml			window_cover	placeholder_class
MimsSoil	https://raw.githubusercontent.com/GenomicsStandardsConsortium/mixs/v6.2.0/src/mixs/schema/mixs.yaml			window_horiz_pos	placeholder_class
MimsSoil	https://raw.githubusercontent.com/GenomicsStandardsConsortium/mixs/v6.2.0/src/mixs/schema/mixs.yaml			window_loc	placeholder_class
MimsSoil	https://raw.githubusercontent.com/GenomicsStandardsConsortium/mixs/v6.2.0/src/mixs/schema/mixs.yaml			window_mat	placeholder_class
MimsSoil	https://raw.githubusercontent.com/GenomicsStandardsConsortium/mixs/v6.2.0/src/mixs/schema/mixs.yaml			window_open_freq	placeholder_class
MimsSoil	https://raw.githubusercontent.com/GenomicsStandardsConsortium/mixs/v6.2.0/src/mixs/schema/mixs.yaml			window_size	placeholder_class
MimsSoil	https://raw.githubusercontent.com/GenomicsStandardsConsortium/mixs/v6.2.0/src/mixs/schema/mixs.yaml			window_status	placeholder_class
MimsSoil	https://raw.githubusercontent.com/GenomicsStandardsConsortium/mixs/v6.2.0/src/mixs/schema/mixs.yaml			window_type	placeholder_class
MimsSoil	https://raw.githubusercontent.com/GenomicsStandardsConsortium/mixs/v6.2.0/src/mixs/schema/mixs.yaml			window_vert_pos	placeholder_class
MimsSoil	https://raw.githubusercontent.com/GenomicsStandardsConsortium/mixs/v6.2.0/src/mixs/schema/mixs.yaml			window_water_mold	placeholder_class
MimsSoil	https://raw.githubusercontent.com/GenomicsStandardsConsortium/mixs/v6.2.0/src/mixs/schema/mixs.yaml			xylene	placeholder_class
