element_name	element_type	readonly_metaslot	metaslot_value	schema_file
abs_air_humidity	slot	from_schema	http://w3id.org/mixs/terms	mixs.yaml
add_recov_method	slot	from_schema	http://w3id.org/mixs/terms	mixs.yaml
additional_info	slot	from_schema	http://w3id.org/mixs/terms	mixs.yaml
address	slot	from_schema	http://w3id.org/mixs/terms	mixs.yaml
adj_room	slot	from_schema	http://w3id.org/mixs/terms	mixs.yaml
aero_struc	slot	from_schema	http://w3id.org/mixs/terms	mixs.yaml
agrochem_addition	slot	from_schema	http://w3id.org/mixs/terms	mixs.yaml
air_PM_concen	slot	from_schema	http://w3id.org/mixs/terms	mixs.yaml
air_temp	slot	from_schema	http://w3id.org/mixs/terms	mixs.yaml
air_temp_regm	slot	from_schema	http://w3id.org/mixs/terms	mixs.yaml
al_sat	slot	from_schema	http://w3id.org/mixs/terms	mixs.yaml
al_sat_meth	slot	from_schema	http://w3id.org/mixs/terms	mixs.yaml
alkalinity	slot	from_schema	http://w3id.org/mixs/terms	mixs.yaml
alkalinity_method	slot	from_schema	http://w3id.org/mixs/terms	mixs.yaml
alkyl_diethers	slot	from_schema	http://w3id.org/mixs/terms	mixs.yaml
alt	slot	from_schema	http://w3id.org/mixs/terms	mixs.yaml
aminopept_act	slot	from_schema	http://w3id.org/mixs/terms	mixs.yaml
ammonium	slot	from_schema	http://w3id.org/mixs/terms	mixs.yaml
amount_light	slot	from_schema	http://w3id.org/mixs/terms	mixs.yaml
ances_data	slot	from_schema	http://w3id.org/mixs/terms	mixs.yaml
annual_precpt	slot	from_schema	http://w3id.org/mixs/terms	mixs.yaml
annual_temp	slot	from_schema	http://w3id.org/mixs/terms	mixs.yaml
antibiotic_regm	slot	from_schema	http://w3id.org/mixs/terms	mixs.yaml
api	slot	from_schema	http://w3id.org/mixs/terms	mixs.yaml
arch_struc	slot	from_schema	http://w3id.org/mixs/terms	mixs.yaml
aromatics_pc	slot	from_schema	http://w3id.org/mixs/terms	mixs.yaml
asphaltenes_pc	slot	from_schema	http://w3id.org/mixs/terms	mixs.yaml
atmospheric_data	slot	from_schema	http://w3id.org/mixs/terms	mixs.yaml
avg_dew_point	slot	from_schema	http://w3id.org/mixs/terms	mixs.yaml
avg_occup	slot	from_schema	http://w3id.org/mixs/terms	mixs.yaml
avg_temp	slot	from_schema	http://w3id.org/mixs/terms	mixs.yaml
bac_prod	slot	from_schema	http://w3id.org/mixs/terms	mixs.yaml
bac_resp	slot	from_schema	http://w3id.org/mixs/terms	mixs.yaml
bacteria_carb_prod	slot	from_schema	http://w3id.org/mixs/terms	mixs.yaml
barometric_press	slot	from_schema	http://w3id.org/mixs/terms	mixs.yaml
basin	slot	from_schema	http://w3id.org/mixs/terms	mixs.yaml
bathroom_count	slot	from_schema	http://w3id.org/mixs/terms	mixs.yaml
bedroom_count	slot	from_schema	http://w3id.org/mixs/terms	mixs.yaml
benzene	slot	from_schema	http://w3id.org/mixs/terms	mixs.yaml
biochem_oxygen_dem	slot	from_schema	http://w3id.org/mixs/terms	mixs.yaml
biocide	slot	from_schema	http://w3id.org/mixs/terms	mixs.yaml
biocide_admin_method	slot	from_schema	http://w3id.org/mixs/terms	mixs.yaml
biol_stat	slot	from_schema	http://w3id.org/mixs/terms	mixs.yaml
biomass	slot	from_schema	http://w3id.org/mixs/terms	mixs.yaml
biotic_regm	slot	from_schema	http://w3id.org/mixs/terms	mixs.yaml
biotic_relationship	slot	from_schema	http://w3id.org/mixs/terms	mixs.yaml
bishomohopanol	slot	from_schema	http://w3id.org/mixs/terms	mixs.yaml
blood_press_diast	slot	from_schema	http://w3id.org/mixs/terms	mixs.yaml
blood_press_syst	slot	from_schema	http://w3id.org/mixs/terms	mixs.yaml
bromide	slot	from_schema	http://w3id.org/mixs/terms	mixs.yaml
build_docs	slot	from_schema	http://w3id.org/mixs/terms	mixs.yaml
build_occup_type	slot	from_schema	http://w3id.org/mixs/terms	mixs.yaml
building_setting	slot	from_schema	http://w3id.org/mixs/terms	mixs.yaml
built_struc_age	slot	from_schema	http://w3id.org/mixs/terms	mixs.yaml
built_struc_set	slot	from_schema	http://w3id.org/mixs/terms	mixs.yaml
built_struc_type	slot	from_schema	http://w3id.org/mixs/terms	mixs.yaml
calcium	slot	from_schema	http://w3id.org/mixs/terms	mixs.yaml
carb_dioxide	slot	from_schema	http://w3id.org/mixs/terms	mixs.yaml
carb_monoxide	slot	from_schema	http://w3id.org/mixs/terms	mixs.yaml
carb_nitro_ratio	slot	from_schema	http://w3id.org/mixs/terms	mixs.yaml
ceil_area	slot	from_schema	http://w3id.org/mixs/terms	mixs.yaml
ceil_cond	slot	from_schema	http://w3id.org/mixs/terms	mixs.yaml
ceil_finish_mat	slot	from_schema	http://w3id.org/mixs/terms	mixs.yaml
ceil_struc	slot	from_schema	http://w3id.org/mixs/terms	mixs.yaml
ceil_texture	slot	from_schema	http://w3id.org/mixs/terms	mixs.yaml
ceil_thermal_mass	slot	from_schema	http://w3id.org/mixs/terms	mixs.yaml
ceil_type	slot	from_schema	http://w3id.org/mixs/terms	mixs.yaml
ceil_water_mold	slot	from_schema	http://w3id.org/mixs/terms	mixs.yaml
chem_administration	slot	from_schema	http://w3id.org/mixs/terms	mixs.yaml
chem_mutagen	slot	from_schema	http://w3id.org/mixs/terms	mixs.yaml
chem_oxygen_dem	slot	from_schema	http://w3id.org/mixs/terms	mixs.yaml
chem_treat_method	slot	from_schema	http://w3id.org/mixs/terms	mixs.yaml
chem_treatment	slot	from_schema	http://w3id.org/mixs/terms	mixs.yaml
chimera_check	slot	from_schema	http://w3id.org/mixs/terms	mixs.yaml
chloride	slot	from_schema	http://w3id.org/mixs/terms	mixs.yaml
chlorophyll	slot	from_schema	http://w3id.org/mixs/terms	mixs.yaml
climate_environment	slot	from_schema	http://w3id.org/mixs/terms	mixs.yaml
collection_date	slot	from_schema	http://w3id.org/mixs/terms	mixs.yaml
conduc	slot	from_schema	http://w3id.org/mixs/terms	mixs.yaml
cool_syst_id	slot	from_schema	http://w3id.org/mixs/terms	mixs.yaml
crop_rotation	slot	from_schema	http://w3id.org/mixs/terms	mixs.yaml
cult_root_med	slot	from_schema	http://w3id.org/mixs/terms	mixs.yaml
cur_land_use	slot	from_schema	http://w3id.org/mixs/terms	mixs.yaml
cur_vegetation	slot	from_schema	http://w3id.org/mixs/terms	mixs.yaml
cur_vegetation_meth	slot	from_schema	http://w3id.org/mixs/terms	mixs.yaml
date_last_rain	slot	from_schema	http://w3id.org/mixs/terms	mixs.yaml
density	slot	from_schema	http://w3id.org/mixs/terms	mixs.yaml
depos_env	slot	from_schema	http://w3id.org/mixs/terms	mixs.yaml
depth	slot	from_schema	http://w3id.org/mixs/terms	mixs.yaml
dew_point	slot	from_schema	http://w3id.org/mixs/terms	mixs.yaml
diether_lipids	slot	from_schema	http://w3id.org/mixs/terms	mixs.yaml
diss_carb_dioxide	slot	from_schema	http://w3id.org/mixs/terms	mixs.yaml
diss_hydrogen	slot	from_schema	http://w3id.org/mixs/terms	mixs.yaml
diss_inorg_carb	slot	from_schema	http://w3id.org/mixs/terms	mixs.yaml
diss_inorg_nitro	slot	from_schema	http://w3id.org/mixs/terms	mixs.yaml
diss_inorg_phosp	slot	from_schema	http://w3id.org/mixs/terms	mixs.yaml
diss_iron	slot	from_schema	http://w3id.org/mixs/terms	mixs.yaml
diss_org_carb	slot	from_schema	http://w3id.org/mixs/terms	mixs.yaml
diss_org_nitro	slot	from_schema	http://w3id.org/mixs/terms	mixs.yaml
diss_oxygen	slot	from_schema	http://w3id.org/mixs/terms	mixs.yaml
diss_oxygen_fluid	slot	from_schema	http://w3id.org/mixs/terms	mixs.yaml
door_comp_type	slot	from_schema	http://w3id.org/mixs/terms	mixs.yaml
door_cond	slot	from_schema	http://w3id.org/mixs/terms	mixs.yaml
door_direct	slot	from_schema	http://w3id.org/mixs/terms	mixs.yaml
door_loc	slot	from_schema	http://w3id.org/mixs/terms	mixs.yaml
door_mat	slot	from_schema	http://w3id.org/mixs/terms	mixs.yaml
door_move	slot	from_schema	http://w3id.org/mixs/terms	mixs.yaml
door_size	slot	from_schema	http://w3id.org/mixs/terms	mixs.yaml
door_type	slot	from_schema	http://w3id.org/mixs/terms	mixs.yaml
door_type_metal	slot	from_schema	http://w3id.org/mixs/terms	mixs.yaml
door_type_wood	slot	from_schema	http://w3id.org/mixs/terms	mixs.yaml
door_water_mold	slot	from_schema	http://w3id.org/mixs/terms	mixs.yaml
down_par	slot	from_schema	http://w3id.org/mixs/terms	mixs.yaml
drainage_class	slot	from_schema	http://w3id.org/mixs/terms	mixs.yaml
drawings	slot	from_schema	http://w3id.org/mixs/terms	mixs.yaml
efficiency_percent	slot	from_schema	http://w3id.org/mixs/terms	mixs.yaml
elev	slot	from_schema	http://w3id.org/mixs/terms	mixs.yaml
elevator	slot	from_schema	http://w3id.org/mixs/terms	mixs.yaml
emulsions	slot	from_schema	http://w3id.org/mixs/terms	mixs.yaml
env_broad_scale	slot	from_schema	http://w3id.org/mixs/terms	mixs.yaml
env_local_scale	slot	from_schema	http://w3id.org/mixs/terms	mixs.yaml
env_medium	slot	from_schema	http://w3id.org/mixs/terms	mixs.yaml
escalator	slot	from_schema	http://w3id.org/mixs/terms	mixs.yaml
ethylbenzene	slot	from_schema	http://w3id.org/mixs/terms	mixs.yaml
exp_duct	slot	from_schema	http://w3id.org/mixs/terms	mixs.yaml
exp_pipe	slot	from_schema	http://w3id.org/mixs/terms	mixs.yaml
experimental_factor	slot	from_schema	http://w3id.org/mixs/terms	mixs.yaml
ext_door	slot	from_schema	http://w3id.org/mixs/terms	mixs.yaml
ext_wall_orient	slot	from_schema	http://w3id.org/mixs/terms	mixs.yaml
ext_window_orient	slot	from_schema	http://w3id.org/mixs/terms	mixs.yaml
extreme_event	slot	from_schema	http://w3id.org/mixs/terms	mixs.yaml
fao_class	slot	from_schema	http://w3id.org/mixs/terms	mixs.yaml
fertilizer_regm	slot	from_schema	http://w3id.org/mixs/terms	mixs.yaml
field	slot	from_schema	http://w3id.org/mixs/terms	mixs.yaml
filter_type	slot	from_schema	http://w3id.org/mixs/terms	mixs.yaml
fire	slot	from_schema	http://w3id.org/mixs/terms	mixs.yaml
fireplace_type	slot	from_schema	http://w3id.org/mixs/terms	mixs.yaml
flooding	slot	from_schema	http://w3id.org/mixs/terms	mixs.yaml
floor_age	slot	from_schema	http://w3id.org/mixs/terms	mixs.yaml
floor_area	slot	from_schema	http://w3id.org/mixs/terms	mixs.yaml
floor_cond	slot	from_schema	http://w3id.org/mixs/terms	mixs.yaml
floor_count	slot	from_schema	http://w3id.org/mixs/terms	mixs.yaml
floor_finish_mat	slot	from_schema	http://w3id.org/mixs/terms	mixs.yaml
floor_struc	slot	from_schema	http://w3id.org/mixs/terms	mixs.yaml
floor_thermal_mass	slot	from_schema	http://w3id.org/mixs/terms	mixs.yaml
floor_water_mold	slot	from_schema	http://w3id.org/mixs/terms	mixs.yaml
fluor	slot	from_schema	http://w3id.org/mixs/terms	mixs.yaml
freq_clean	slot	from_schema	http://w3id.org/mixs/terms	mixs.yaml
freq_cook	slot	from_schema	http://w3id.org/mixs/terms	mixs.yaml
fungicide_regm	slot	from_schema	http://w3id.org/mixs/terms	mixs.yaml
furniture	slot	from_schema	http://w3id.org/mixs/terms	mixs.yaml
gaseous_environment	slot	from_schema	http://w3id.org/mixs/terms	mixs.yaml
gaseous_substances	slot	from_schema	http://w3id.org/mixs/terms	mixs.yaml
gender_restroom	slot	from_schema	http://w3id.org/mixs/terms	mixs.yaml
genetic_mod	slot	from_schema	http://w3id.org/mixs/terms	mixs.yaml
geo_loc_name	slot	from_schema	http://w3id.org/mixs/terms	mixs.yaml
glucosidase_act	slot	from_schema	http://w3id.org/mixs/terms	mixs.yaml
gravidity	slot	from_schema	http://w3id.org/mixs/terms	mixs.yaml
gravity	slot	from_schema	http://w3id.org/mixs/terms	mixs.yaml
growth_facil	slot	from_schema	http://w3id.org/mixs/terms	mixs.yaml
growth_habit	slot	from_schema	http://w3id.org/mixs/terms	mixs.yaml
growth_hormone_regm	slot	from_schema	http://w3id.org/mixs/terms	mixs.yaml
hall_count	slot	from_schema	http://w3id.org/mixs/terms	mixs.yaml
handidness	slot	from_schema	http://w3id.org/mixs/terms	mixs.yaml
hc_produced	slot	from_schema	http://w3id.org/mixs/terms	mixs.yaml
hcr	slot	from_schema	http://w3id.org/mixs/terms	mixs.yaml
hcr_fw_salinity	slot	from_schema	http://w3id.org/mixs/terms	mixs.yaml
hcr_geol_age	slot	from_schema	http://w3id.org/mixs/terms	mixs.yaml
hcr_pressure	slot	from_schema	http://w3id.org/mixs/terms	mixs.yaml
hcr_temp	slot	from_schema	http://w3id.org/mixs/terms	mixs.yaml
heat_cool_type	slot	from_schema	http://w3id.org/mixs/terms	mixs.yaml
heat_deliv_loc	slot	from_schema	http://w3id.org/mixs/terms	mixs.yaml
heat_sys_deliv_meth	slot	from_schema	http://w3id.org/mixs/terms	mixs.yaml
heat_system_id	slot	from_schema	http://w3id.org/mixs/terms	mixs.yaml
heavy_metals	slot	from_schema	http://w3id.org/mixs/terms	mixs.yaml
heavy_metals_meth	slot	from_schema	http://w3id.org/mixs/terms	mixs.yaml
height_carper_fiber	slot	from_schema	http://w3id.org/mixs/terms	mixs.yaml
herbicide_regm	slot	from_schema	http://w3id.org/mixs/terms	mixs.yaml
horizon_meth	slot	from_schema	http://w3id.org/mixs/terms	mixs.yaml
host_age	slot	from_schema	http://w3id.org/mixs/terms	mixs.yaml
host_body_habitat	slot	from_schema	http://w3id.org/mixs/terms	mixs.yaml
host_body_product	slot	from_schema	http://w3id.org/mixs/terms	mixs.yaml
host_body_site	slot	from_schema	http://w3id.org/mixs/terms	mixs.yaml
host_body_temp	slot	from_schema	http://w3id.org/mixs/terms	mixs.yaml
host_color	slot	from_schema	http://w3id.org/mixs/terms	mixs.yaml
host_common_name	slot	from_schema	http://w3id.org/mixs/terms	mixs.yaml
host_diet	slot	from_schema	http://w3id.org/mixs/terms	mixs.yaml
host_disease_stat	slot	from_schema	http://w3id.org/mixs/terms	mixs.yaml
host_dry_mass	slot	from_schema	http://w3id.org/mixs/terms	mixs.yaml
host_family_relation	slot	from_schema	http://w3id.org/mixs/terms	mixs.yaml
host_genotype	slot	from_schema	http://w3id.org/mixs/terms	mixs.yaml
host_growth_cond	slot	from_schema	http://w3id.org/mixs/terms	mixs.yaml
host_height	slot	from_schema	http://w3id.org/mixs/terms	mixs.yaml
host_last_meal	slot	from_schema	http://w3id.org/mixs/terms	mixs.yaml
host_length	slot	from_schema	http://w3id.org/mixs/terms	mixs.yaml
host_life_stage	slot	from_schema	http://w3id.org/mixs/terms	mixs.yaml
host_phenotype	slot	from_schema	http://w3id.org/mixs/terms	mixs.yaml
host_sex	slot	from_schema	http://w3id.org/mixs/terms	mixs.yaml
host_shape	slot	from_schema	http://w3id.org/mixs/terms	mixs.yaml
host_subject_id	slot	from_schema	http://w3id.org/mixs/terms	mixs.yaml
host_subspecf_genlin	slot	from_schema	http://w3id.org/mixs/terms	mixs.yaml
host_substrate	slot	from_schema	http://w3id.org/mixs/terms	mixs.yaml
host_symbiont	slot	from_schema	http://w3id.org/mixs/terms	mixs.yaml
host_taxid	slot	from_schema	http://w3id.org/mixs/terms	mixs.yaml
host_tot_mass	slot	from_schema	http://w3id.org/mixs/terms	mixs.yaml
host_wet_mass	slot	from_schema	http://w3id.org/mixs/terms	mixs.yaml
humidity	slot	from_schema	http://w3id.org/mixs/terms	mixs.yaml
humidity_regm	slot	from_schema	http://w3id.org/mixs/terms	mixs.yaml
indoor_space	slot	from_schema	http://w3id.org/mixs/terms	mixs.yaml
indoor_surf	slot	from_schema	http://w3id.org/mixs/terms	mixs.yaml
indust_eff_percent	slot	from_schema	http://w3id.org/mixs/terms	mixs.yaml
inorg_particles	slot	from_schema	http://w3id.org/mixs/terms	mixs.yaml
inside_lux	slot	from_schema	http://w3id.org/mixs/terms	mixs.yaml
int_wall_cond	slot	from_schema	http://w3id.org/mixs/terms	mixs.yaml
iw_bt_date_well	slot	from_schema	http://w3id.org/mixs/terms	mixs.yaml
iwf	slot	from_schema	http://w3id.org/mixs/terms	mixs.yaml
last_clean	slot	from_schema	http://w3id.org/mixs/terms	mixs.yaml
lat_lon	slot	from_schema	http://w3id.org/mixs/terms	mixs.yaml
light_intensity	slot	from_schema	http://w3id.org/mixs/terms	mixs.yaml
light_regm	slot	from_schema	http://w3id.org/mixs/terms	mixs.yaml
light_type	slot	from_schema	http://w3id.org/mixs/terms	mixs.yaml
link_addit_analys	slot	from_schema	http://w3id.org/mixs/terms	mixs.yaml
link_class_info	slot	from_schema	http://w3id.org/mixs/terms	mixs.yaml
link_climate_info	slot	from_schema	http://w3id.org/mixs/terms	mixs.yaml
lithology	slot	from_schema	http://w3id.org/mixs/terms	mixs.yaml
local_class	slot	from_schema	http://w3id.org/mixs/terms	mixs.yaml
local_class_meth	slot	from_schema	http://w3id.org/mixs/terms	mixs.yaml
magnesium	slot	from_schema	http://w3id.org/mixs/terms	mixs.yaml
max_occup	slot	from_schema	http://w3id.org/mixs/terms	mixs.yaml
mean_frict_vel	slot	from_schema	http://w3id.org/mixs/terms	mixs.yaml
mean_peak_frict_vel	slot	from_schema	http://w3id.org/mixs/terms	mixs.yaml
mech_struc	slot	from_schema	http://w3id.org/mixs/terms	mixs.yaml
mechanical_damage	slot	from_schema	http://w3id.org/mixs/terms	mixs.yaml
methane	slot	from_schema	http://w3id.org/mixs/terms	mixs.yaml
micro_biomass_meth	slot	from_schema	http://w3id.org/mixs/terms	mixs.yaml
microbial_biomass	slot	from_schema	http://w3id.org/mixs/terms	mixs.yaml
mineral_nutr_regm	slot	from_schema	http://w3id.org/mixs/terms	mixs.yaml
misc_param	slot	from_schema	http://w3id.org/mixs/terms	mixs.yaml
n_alkanes	slot	from_schema	http://w3id.org/mixs/terms	mixs.yaml
nitrate	slot	from_schema	http://w3id.org/mixs/terms	mixs.yaml
nitrite	slot	from_schema	http://w3id.org/mixs/terms	mixs.yaml
nitro	slot	from_schema	http://w3id.org/mixs/terms	mixs.yaml
non_min_nutr_regm	slot	from_schema	http://w3id.org/mixs/terms	mixs.yaml
nucl_acid_amp	slot	from_schema	http://w3id.org/mixs/terms	mixs.yaml
nucl_acid_ext	slot	from_schema	http://w3id.org/mixs/terms	mixs.yaml
number_pets	slot	from_schema	http://w3id.org/mixs/terms	mixs.yaml
number_plants	slot	from_schema	http://w3id.org/mixs/terms	mixs.yaml
number_resident	slot	from_schema	http://w3id.org/mixs/terms	mixs.yaml
occup_density_samp	slot	from_schema	http://w3id.org/mixs/terms	mixs.yaml
occup_document	slot	from_schema	http://w3id.org/mixs/terms	mixs.yaml
occup_samp	slot	from_schema	http://w3id.org/mixs/terms	mixs.yaml
org_carb	slot	from_schema	http://w3id.org/mixs/terms	mixs.yaml
org_count_qpcr_info	slot	from_schema	http://w3id.org/mixs/terms	mixs.yaml
org_matter	slot	from_schema	http://w3id.org/mixs/terms	mixs.yaml
org_nitro	slot	from_schema	http://w3id.org/mixs/terms	mixs.yaml
org_particles	slot	from_schema	http://w3id.org/mixs/terms	mixs.yaml
organism_count	slot	from_schema	http://w3id.org/mixs/terms	mixs.yaml
owc_tvdss	slot	from_schema	http://w3id.org/mixs/terms	mixs.yaml
oxy_stat_samp	slot	from_schema	http://w3id.org/mixs/terms	mixs.yaml
oxygen	slot	from_schema	http://w3id.org/mixs/terms	mixs.yaml
part_org_carb	slot	from_schema	http://w3id.org/mixs/terms	mixs.yaml
part_org_nitro	slot	from_schema	http://w3id.org/mixs/terms	mixs.yaml
particle_class	slot	from_schema	http://w3id.org/mixs/terms	mixs.yaml
pcr_cond	slot	from_schema	http://w3id.org/mixs/terms	mixs.yaml
pcr_primers	slot	from_schema	http://w3id.org/mixs/terms	mixs.yaml
permeability	slot	from_schema	http://w3id.org/mixs/terms	mixs.yaml
perturbation	slot	from_schema	http://w3id.org/mixs/terms	mixs.yaml
pesticide_regm	slot	from_schema	http://w3id.org/mixs/terms	mixs.yaml
petroleum_hydrocarb	slot	from_schema	http://w3id.org/mixs/terms	mixs.yaml
ph	slot	from_schema	http://w3id.org/mixs/terms	mixs.yaml
ph_meth	slot	from_schema	http://w3id.org/mixs/terms	mixs.yaml
ph_regm	slot	from_schema	http://w3id.org/mixs/terms	mixs.yaml
phaeopigments	slot	from_schema	http://w3id.org/mixs/terms	mixs.yaml
phosphate	slot	from_schema	http://w3id.org/mixs/terms	mixs.yaml
phosplipid_fatt_acid	slot	from_schema	http://w3id.org/mixs/terms	mixs.yaml
photon_flux	slot	from_schema	http://w3id.org/mixs/terms	mixs.yaml
plant_growth_med	slot	from_schema	http://w3id.org/mixs/terms	mixs.yaml
plant_product	slot	from_schema	http://w3id.org/mixs/terms	mixs.yaml
plant_sex	slot	from_schema	http://w3id.org/mixs/terms	mixs.yaml
plant_struc	slot	from_schema	http://w3id.org/mixs/terms	mixs.yaml
pollutants	slot	from_schema	http://w3id.org/mixs/terms	mixs.yaml
pool_dna_extracts	slot	from_schema	http://w3id.org/mixs/terms	mixs.yaml
porosity	slot	from_schema	http://w3id.org/mixs/terms	mixs.yaml
potassium	slot	from_schema	http://w3id.org/mixs/terms	mixs.yaml
pour_point	slot	from_schema	http://w3id.org/mixs/terms	mixs.yaml
pre_treatment	slot	from_schema	http://w3id.org/mixs/terms	mixs.yaml
pres_animal_insect	slot	from_schema	http://w3id.org/mixs/terms	mixs.yaml
pressure	slot	from_schema	http://w3id.org/mixs/terms	mixs.yaml
prev_land_use_meth	slot	from_schema	http://w3id.org/mixs/terms	mixs.yaml
previous_land_use	slot	from_schema	http://w3id.org/mixs/terms	mixs.yaml
primary_prod	slot	from_schema	http://w3id.org/mixs/terms	mixs.yaml
primary_treatment	slot	from_schema	http://w3id.org/mixs/terms	mixs.yaml
prod_rate	slot	from_schema	http://w3id.org/mixs/terms	mixs.yaml
prod_start_date	slot	from_schema	http://w3id.org/mixs/terms	mixs.yaml
profile_position	slot	from_schema	http://w3id.org/mixs/terms	mixs.yaml
quad_pos	slot	from_schema	http://w3id.org/mixs/terms	mixs.yaml
radiation_regm	slot	from_schema	http://w3id.org/mixs/terms	mixs.yaml
rainfall_regm	slot	from_schema	http://w3id.org/mixs/terms	mixs.yaml
reactor_type	slot	from_schema	http://w3id.org/mixs/terms	mixs.yaml
redox_potential	slot	from_schema	http://w3id.org/mixs/terms	mixs.yaml
rel_air_humidity	slot	from_schema	http://w3id.org/mixs/terms	mixs.yaml
rel_humidity_out	slot	from_schema	http://w3id.org/mixs/terms	mixs.yaml
rel_samp_loc	slot	from_schema	http://w3id.org/mixs/terms	mixs.yaml
reservoir	slot	from_schema	http://w3id.org/mixs/terms	mixs.yaml
resins_pc	slot	from_schema	http://w3id.org/mixs/terms	mixs.yaml
room_air_exch_rate	slot	from_schema	http://w3id.org/mixs/terms	mixs.yaml
room_architec_elem	slot	from_schema	http://w3id.org/mixs/terms	mixs.yaml
room_condt	slot	from_schema	http://w3id.org/mixs/terms	mixs.yaml
room_connected	slot	from_schema	http://w3id.org/mixs/terms	mixs.yaml
room_count	slot	from_schema	http://w3id.org/mixs/terms	mixs.yaml
room_dim	slot	from_schema	http://w3id.org/mixs/terms	mixs.yaml
room_door_dist	slot	from_schema	http://w3id.org/mixs/terms	mixs.yaml
room_door_share	slot	from_schema	http://w3id.org/mixs/terms	mixs.yaml
room_hallway	slot	from_schema	http://w3id.org/mixs/terms	mixs.yaml
room_loc	slot	from_schema	http://w3id.org/mixs/terms	mixs.yaml
room_moist_dam_hist	slot	from_schema	http://w3id.org/mixs/terms	mixs.yaml
room_net_area	slot	from_schema	http://w3id.org/mixs/terms	mixs.yaml
room_occup	slot	from_schema	http://w3id.org/mixs/terms	mixs.yaml
room_samp_pos	slot	from_schema	http://w3id.org/mixs/terms	mixs.yaml
room_type	slot	from_schema	http://w3id.org/mixs/terms	mixs.yaml
room_vol	slot	from_schema	http://w3id.org/mixs/terms	mixs.yaml
room_wall_share	slot	from_schema	http://w3id.org/mixs/terms	mixs.yaml
room_window_count	slot	from_schema	http://w3id.org/mixs/terms	mixs.yaml
root_cond	slot	from_schema	http://w3id.org/mixs/terms	mixs.yaml
root_med_carbon	slot	from_schema	http://w3id.org/mixs/terms	mixs.yaml
root_med_macronutr	slot	from_schema	http://w3id.org/mixs/terms	mixs.yaml
root_med_micronutr	slot	from_schema	http://w3id.org/mixs/terms	mixs.yaml
root_med_ph	slot	from_schema	http://w3id.org/mixs/terms	mixs.yaml
root_med_regl	slot	from_schema	http://w3id.org/mixs/terms	mixs.yaml
root_med_solid	slot	from_schema	http://w3id.org/mixs/terms	mixs.yaml
root_med_suppl	slot	from_schema	http://w3id.org/mixs/terms	mixs.yaml
salinity	slot	from_schema	http://w3id.org/mixs/terms	mixs.yaml
salinity_meth	slot	from_schema	http://w3id.org/mixs/terms	mixs.yaml
salt_regm	slot	from_schema	http://w3id.org/mixs/terms	mixs.yaml
samp_capt_status	slot	from_schema	http://w3id.org/mixs/terms	mixs.yaml
samp_collec_device	slot	from_schema	http://w3id.org/mixs/terms	mixs.yaml
samp_collec_method	slot	from_schema	http://w3id.org/mixs/terms	mixs.yaml
samp_collect_point	slot	from_schema	http://w3id.org/mixs/terms	mixs.yaml
samp_dis_stage	slot	from_schema	http://w3id.org/mixs/terms	mixs.yaml
samp_floor	slot	from_schema	http://w3id.org/mixs/terms	mixs.yaml
samp_loc_corr_rate	slot	from_schema	http://w3id.org/mixs/terms	mixs.yaml
samp_mat_process	slot	from_schema	http://w3id.org/mixs/terms	mixs.yaml
samp_md	slot	from_schema	http://w3id.org/mixs/terms	mixs.yaml
samp_name	slot	from_schema	http://w3id.org/mixs/terms	mixs.yaml
samp_preserv	slot	from_schema	http://w3id.org/mixs/terms	mixs.yaml
samp_room_id	slot	from_schema	http://w3id.org/mixs/terms	mixs.yaml
samp_size	slot	from_schema	http://w3id.org/mixs/terms	mixs.yaml
samp_sort_meth	slot	from_schema	http://w3id.org/mixs/terms	mixs.yaml
samp_store_dur	slot	from_schema	http://w3id.org/mixs/terms	mixs.yaml
samp_store_loc	slot	from_schema	http://w3id.org/mixs/terms	mixs.yaml
samp_store_temp	slot	from_schema	http://w3id.org/mixs/terms	mixs.yaml
samp_subtype	slot	from_schema	http://w3id.org/mixs/terms	mixs.yaml
samp_taxon_id	slot	from_schema	http://w3id.org/mixs/terms	mixs.yaml
samp_time_out	slot	from_schema	http://w3id.org/mixs/terms	mixs.yaml
samp_transport_cond	slot	from_schema	http://w3id.org/mixs/terms	mixs.yaml
samp_tvdss	slot	from_schema	http://w3id.org/mixs/terms	mixs.yaml
samp_type	slot	from_schema	http://w3id.org/mixs/terms	mixs.yaml
samp_vol_we_dna_ext	slot	from_schema	http://w3id.org/mixs/terms	mixs.yaml
samp_weather	slot	from_schema	http://w3id.org/mixs/terms	mixs.yaml
samp_well_name	slot	from_schema	http://w3id.org/mixs/terms	mixs.yaml
saturates_pc	slot	from_schema	http://w3id.org/mixs/terms	mixs.yaml
season	slot	from_schema	http://w3id.org/mixs/terms	mixs.yaml
season_environment	slot	from_schema	http://w3id.org/mixs/terms	mixs.yaml
season_precpt	slot	from_schema	http://w3id.org/mixs/terms	mixs.yaml
season_temp	slot	from_schema	http://w3id.org/mixs/terms	mixs.yaml
season_use	slot	from_schema	http://w3id.org/mixs/terms	mixs.yaml
secondary_treatment	slot	from_schema	http://w3id.org/mixs/terms	mixs.yaml
sediment_type	slot	from_schema	http://w3id.org/mixs/terms	mixs.yaml
seq_meth	slot	from_schema	http://w3id.org/mixs/terms	mixs.yaml
seq_quality_check	slot	from_schema	http://w3id.org/mixs/terms	mixs.yaml
sewage_type	slot	from_schema	http://w3id.org/mixs/terms	mixs.yaml
shad_dev_water_mold	slot	from_schema	http://w3id.org/mixs/terms	mixs.yaml
shading_device_cond	slot	from_schema	http://w3id.org/mixs/terms	mixs.yaml
shading_device_loc	slot	from_schema	http://w3id.org/mixs/terms	mixs.yaml
shading_device_mat	slot	from_schema	http://w3id.org/mixs/terms	mixs.yaml
shading_device_type	slot	from_schema	http://w3id.org/mixs/terms	mixs.yaml
sieving	slot	from_schema	http://w3id.org/mixs/terms	mixs.yaml
silicate	slot	from_schema	http://w3id.org/mixs/terms	mixs.yaml
size_frac	slot	from_schema	http://w3id.org/mixs/terms	mixs.yaml
size_frac_low	slot	from_schema	http://w3id.org/mixs/terms	mixs.yaml
size_frac_up	slot	from_schema	http://w3id.org/mixs/terms	mixs.yaml
slope_aspect	slot	from_schema	http://w3id.org/mixs/terms	mixs.yaml
slope_gradient	slot	from_schema	http://w3id.org/mixs/terms	mixs.yaml
sludge_retent_time	slot	from_schema	http://w3id.org/mixs/terms	mixs.yaml
sodium	slot	from_schema	http://w3id.org/mixs/terms	mixs.yaml
soil_horizon	slot	from_schema	http://w3id.org/mixs/terms	mixs.yaml
soil_text_measure	slot	from_schema	http://w3id.org/mixs/terms	mixs.yaml
soil_texture_meth	slot	from_schema	http://w3id.org/mixs/terms	mixs.yaml
soil_type	slot	from_schema	http://w3id.org/mixs/terms	mixs.yaml
soil_type_meth	slot	from_schema	http://w3id.org/mixs/terms	mixs.yaml
solar_irradiance	slot	from_schema	http://w3id.org/mixs/terms	mixs.yaml
soluble_inorg_mat	slot	from_schema	http://w3id.org/mixs/terms	mixs.yaml
soluble_org_mat	slot	from_schema	http://w3id.org/mixs/terms	mixs.yaml
soluble_react_phosp	slot	from_schema	http://w3id.org/mixs/terms	mixs.yaml
source_mat_id	slot	from_schema	http://w3id.org/mixs/terms	mixs.yaml
space_typ_state	slot	from_schema	http://w3id.org/mixs/terms	mixs.yaml
specific	slot	from_schema	http://w3id.org/mixs/terms	mixs.yaml
specific_humidity	slot	from_schema	http://w3id.org/mixs/terms	mixs.yaml
sr_dep_env	slot	from_schema	http://w3id.org/mixs/terms	mixs.yaml
sr_geol_age	slot	from_schema	http://w3id.org/mixs/terms	mixs.yaml
sr_kerog_type	slot	from_schema	http://w3id.org/mixs/terms	mixs.yaml
sr_lithology	slot	from_schema	http://w3id.org/mixs/terms	mixs.yaml
standing_water_regm	slot	from_schema	http://w3id.org/mixs/terms	mixs.yaml
store_cond	slot	from_schema	http://w3id.org/mixs/terms	mixs.yaml
substructure_type	slot	from_schema	http://w3id.org/mixs/terms	mixs.yaml
sulfate	slot	from_schema	http://w3id.org/mixs/terms	mixs.yaml
sulfate_fw	slot	from_schema	http://w3id.org/mixs/terms	mixs.yaml
sulfide	slot	from_schema	http://w3id.org/mixs/terms	mixs.yaml
surf_air_cont	slot	from_schema	http://w3id.org/mixs/terms	mixs.yaml
surf_humidity	slot	from_schema	http://w3id.org/mixs/terms	mixs.yaml
surf_material	slot	from_schema	http://w3id.org/mixs/terms	mixs.yaml
surf_moisture	slot	from_schema	http://w3id.org/mixs/terms	mixs.yaml
surf_moisture_ph	slot	from_schema	http://w3id.org/mixs/terms	mixs.yaml
surf_temp	slot	from_schema	http://w3id.org/mixs/terms	mixs.yaml
suspend_part_matter	slot	from_schema	http://w3id.org/mixs/terms	mixs.yaml
suspend_solids	slot	from_schema	http://w3id.org/mixs/terms	mixs.yaml
tan	slot	from_schema	http://w3id.org/mixs/terms	mixs.yaml
target_gene	slot	from_schema	http://w3id.org/mixs/terms	mixs.yaml
target_subfragment	slot	from_schema	http://w3id.org/mixs/terms	mixs.yaml
temp	slot	from_schema	http://w3id.org/mixs/terms	mixs.yaml
temp_out	slot	from_schema	http://w3id.org/mixs/terms	mixs.yaml
tertiary_treatment	slot	from_schema	http://w3id.org/mixs/terms	mixs.yaml
tidal_stage	slot	from_schema	http://w3id.org/mixs/terms	mixs.yaml
tillage	slot	from_schema	http://w3id.org/mixs/terms	mixs.yaml
tiss_cult_growth_med	slot	from_schema	http://w3id.org/mixs/terms	mixs.yaml
toluene	slot	from_schema	http://w3id.org/mixs/terms	mixs.yaml
tot_carb	slot	from_schema	http://w3id.org/mixs/terms	mixs.yaml
tot_depth_water_col	slot	from_schema	http://w3id.org/mixs/terms	mixs.yaml
tot_diss_nitro	slot	from_schema	http://w3id.org/mixs/terms	mixs.yaml
tot_inorg_nitro	slot	from_schema	http://w3id.org/mixs/terms	mixs.yaml
tot_iron	slot	from_schema	http://w3id.org/mixs/terms	mixs.yaml
tot_nitro	slot	from_schema	http://w3id.org/mixs/terms	mixs.yaml
tot_nitro_cont_meth	slot	from_schema	http://w3id.org/mixs/terms	mixs.yaml
tot_nitro_content	slot	from_schema	http://w3id.org/mixs/terms	mixs.yaml
tot_org_c_meth	slot	from_schema	http://w3id.org/mixs/terms	mixs.yaml
tot_org_carb	slot	from_schema	http://w3id.org/mixs/terms	mixs.yaml
tot_part_carb	slot	from_schema	http://w3id.org/mixs/terms	mixs.yaml
tot_phosp	slot	from_schema	http://w3id.org/mixs/terms	mixs.yaml
tot_phosphate	slot	from_schema	http://w3id.org/mixs/terms	mixs.yaml
tot_sulfur	slot	from_schema	http://w3id.org/mixs/terms	mixs.yaml
train_line	slot	from_schema	http://w3id.org/mixs/terms	mixs.yaml
train_stat_loc	slot	from_schema	http://w3id.org/mixs/terms	mixs.yaml
train_stop_loc	slot	from_schema	http://w3id.org/mixs/terms	mixs.yaml
turbidity	slot	from_schema	http://w3id.org/mixs/terms	mixs.yaml
tvdss_of_hcr_press	slot	from_schema	http://w3id.org/mixs/terms	mixs.yaml
tvdss_of_hcr_temp	slot	from_schema	http://w3id.org/mixs/terms	mixs.yaml
typ_occup_density	slot	from_schema	http://w3id.org/mixs/terms	mixs.yaml
ventilation_rate	slot	from_schema	http://w3id.org/mixs/terms	mixs.yaml
ventilation_type	slot	from_schema	http://w3id.org/mixs/terms	mixs.yaml
vfa	slot	from_schema	http://w3id.org/mixs/terms	mixs.yaml
vfa_fw	slot	from_schema	http://w3id.org/mixs/terms	mixs.yaml
vis_media	slot	from_schema	http://w3id.org/mixs/terms	mixs.yaml
viscosity	slot	from_schema	http://w3id.org/mixs/terms	mixs.yaml
volatile_org_comp	slot	from_schema	http://w3id.org/mixs/terms	mixs.yaml
wall_area	slot	from_schema	http://w3id.org/mixs/terms	mixs.yaml
wall_const_type	slot	from_schema	http://w3id.org/mixs/terms	mixs.yaml
wall_finish_mat	slot	from_schema	http://w3id.org/mixs/terms	mixs.yaml
wall_height	slot	from_schema	http://w3id.org/mixs/terms	mixs.yaml
wall_loc	slot	from_schema	http://w3id.org/mixs/terms	mixs.yaml
wall_surf_treatment	slot	from_schema	http://w3id.org/mixs/terms	mixs.yaml
wall_texture	slot	from_schema	http://w3id.org/mixs/terms	mixs.yaml
wall_thermal_mass	slot	from_schema	http://w3id.org/mixs/terms	mixs.yaml
wall_water_mold	slot	from_schema	http://w3id.org/mixs/terms	mixs.yaml
wastewater_type	slot	from_schema	http://w3id.org/mixs/terms	mixs.yaml
water_cont_soil_meth	slot	from_schema	http://w3id.org/mixs/terms	mixs.yaml
water_content	slot	from_schema	http://w3id.org/mixs/terms	mixs.yaml
water_current	slot	from_schema	http://w3id.org/mixs/terms	mixs.yaml
water_cut	slot	from_schema	http://w3id.org/mixs/terms	mixs.yaml
water_feat_size	slot	from_schema	http://w3id.org/mixs/terms	mixs.yaml
water_feat_type	slot	from_schema	http://w3id.org/mixs/terms	mixs.yaml
water_prod_rate	slot	from_schema	http://w3id.org/mixs/terms	mixs.yaml
water_temp_regm	slot	from_schema	http://w3id.org/mixs/terms	mixs.yaml
watering_regm	slot	from_schema	http://w3id.org/mixs/terms	mixs.yaml
weekday	slot	from_schema	http://w3id.org/mixs/terms	mixs.yaml
win	slot	from_schema	http://w3id.org/mixs/terms	mixs.yaml
wind_direction	slot	from_schema	http://w3id.org/mixs/terms	mixs.yaml
wind_speed	slot	from_schema	http://w3id.org/mixs/terms	mixs.yaml
window_cond	slot	from_schema	http://w3id.org/mixs/terms	mixs.yaml
window_cover	slot	from_schema	http://w3id.org/mixs/terms	mixs.yaml
window_horiz_pos	slot	from_schema	http://w3id.org/mixs/terms	mixs.yaml
window_loc	slot	from_schema	http://w3id.org/mixs/terms	mixs.yaml
window_mat	slot	from_schema	http://w3id.org/mixs/terms	mixs.yaml
window_open_freq	slot	from_schema	http://w3id.org/mixs/terms	mixs.yaml
window_size	slot	from_schema	http://w3id.org/mixs/terms	mixs.yaml
window_status	slot	from_schema	http://w3id.org/mixs/terms	mixs.yaml
window_type	slot	from_schema	http://w3id.org/mixs/terms	mixs.yaml
window_vert_pos	slot	from_schema	http://w3id.org/mixs/terms	mixs.yaml
window_water_mold	slot	from_schema	http://w3id.org/mixs/terms	mixs.yaml
xylene	slot	from_schema	http://w3id.org/mixs/terms	mixs.yaml
core field	slot	from_schema	http://w3id.org/mixs/terms	mixs.yaml
environment field	slot	from_schema	http://w3id.org/mixs/terms	mixs.yaml
investigation field	slot	from_schema	http://w3id.org/mixs/terms	mixs.yaml
nucleic acid sequence source field	slot	from_schema	http://w3id.org/mixs/terms	mixs.yaml
sequencing field	slot	from_schema	http://w3id.org/mixs/terms	mixs.yaml
arch_struc_enum	enum	from_schema	http://w3id.org/mixs/terms	mixs.yaml
biol_stat_enum	enum	from_schema	http://w3id.org/mixs/terms	mixs.yaml
biotic_relationship_enum	enum	from_schema	http://w3id.org/mixs/terms	mixs.yaml
build_docs_enum	enum	from_schema	http://w3id.org/mixs/terms	mixs.yaml
build_occup_type_enum	enum	from_schema	http://w3id.org/mixs/terms	mixs.yaml
building_setting_enum	enum	from_schema	http://w3id.org/mixs/terms	mixs.yaml
ceil_cond_enum	enum	from_schema	http://w3id.org/mixs/terms	mixs.yaml
ceil_finish_mat_enum	enum	from_schema	http://w3id.org/mixs/terms	mixs.yaml
ceil_texture_enum	enum	from_schema	http://w3id.org/mixs/terms	mixs.yaml
ceil_type_enum	enum	from_schema	http://w3id.org/mixs/terms	mixs.yaml
cur_land_use_enum	enum	from_schema	http://w3id.org/mixs/terms	mixs.yaml
depos_env_enum	enum	from_schema	http://w3id.org/mixs/terms	mixs.yaml
door_comp_type_enum	enum	from_schema	http://w3id.org/mixs/terms	mixs.yaml
door_cond_enum	enum	from_schema	http://w3id.org/mixs/terms	mixs.yaml
door_direct_enum	enum	from_schema	http://w3id.org/mixs/terms	mixs.yaml
door_loc_enum	enum	from_schema	http://w3id.org/mixs/terms	mixs.yaml
door_mat_enum	enum	from_schema	http://w3id.org/mixs/terms	mixs.yaml
door_move_enum	enum	from_schema	http://w3id.org/mixs/terms	mixs.yaml
door_type_enum	enum	from_schema	http://w3id.org/mixs/terms	mixs.yaml
door_type_metal_enum	enum	from_schema	http://w3id.org/mixs/terms	mixs.yaml
door_type_wood_enum	enum	from_schema	http://w3id.org/mixs/terms	mixs.yaml
drainage_class_enum	enum	from_schema	http://w3id.org/mixs/terms	mixs.yaml
drawings_enum	enum	from_schema	http://w3id.org/mixs/terms	mixs.yaml
ext_wall_orient_enum	enum	from_schema	http://w3id.org/mixs/terms	mixs.yaml
ext_window_orient_enum	enum	from_schema	http://w3id.org/mixs/terms	mixs.yaml
fao_class_enum	enum	from_schema	http://w3id.org/mixs/terms	mixs.yaml
filter_type_enum	enum	from_schema	http://w3id.org/mixs/terms	mixs.yaml
floor_cond_enum	enum	from_schema	http://w3id.org/mixs/terms	mixs.yaml
floor_finish_mat_enum	enum	from_schema	http://w3id.org/mixs/terms	mixs.yaml
floor_struc_enum	enum	from_schema	http://w3id.org/mixs/terms	mixs.yaml
floor_water_mold_enum	enum	from_schema	http://w3id.org/mixs/terms	mixs.yaml
freq_clean_enum	enum	from_schema	http://w3id.org/mixs/terms	mixs.yaml
furniture_enum	enum	from_schema	http://w3id.org/mixs/terms	mixs.yaml
gender_restroom_enum	enum	from_schema	http://w3id.org/mixs/terms	mixs.yaml
growth_habit_enum	enum	from_schema	http://w3id.org/mixs/terms	mixs.yaml
handidness_enum	enum	from_schema	http://w3id.org/mixs/terms	mixs.yaml
hc_produced_enum	enum	from_schema	http://w3id.org/mixs/terms	mixs.yaml
hcr_enum	enum	from_schema	http://w3id.org/mixs/terms	mixs.yaml
hcr_geol_age_enum	enum	from_schema	http://w3id.org/mixs/terms	mixs.yaml
heat_cool_type_enum	enum	from_schema	http://w3id.org/mixs/terms	mixs.yaml
heat_deliv_loc_enum	enum	from_schema	http://w3id.org/mixs/terms	mixs.yaml
host_sex_enum	enum	from_schema	http://w3id.org/mixs/terms	mixs.yaml
indoor_space_enum	enum	from_schema	http://w3id.org/mixs/terms	mixs.yaml
indoor_surf_enum	enum	from_schema	http://w3id.org/mixs/terms	mixs.yaml
int_wall_cond_enum	enum	from_schema	http://w3id.org/mixs/terms	mixs.yaml
light_type_enum	enum	from_schema	http://w3id.org/mixs/terms	mixs.yaml
lithology_enum	enum	from_schema	http://w3id.org/mixs/terms	mixs.yaml
mech_struc_enum	enum	from_schema	http://w3id.org/mixs/terms	mixs.yaml
occup_document_enum	enum	from_schema	http://w3id.org/mixs/terms	mixs.yaml
organism_count_enum	enum	from_schema	http://w3id.org/mixs/terms	mixs.yaml
oxy_stat_samp_enum	enum	from_schema	http://w3id.org/mixs/terms	mixs.yaml
plant_growth_med_enum	enum	from_schema	http://w3id.org/mixs/terms	mixs.yaml
plant_sex_enum	enum	from_schema	http://w3id.org/mixs/terms	mixs.yaml
profile_position_enum	enum	from_schema	http://w3id.org/mixs/terms	mixs.yaml
quad_pos_enum	enum	from_schema	http://w3id.org/mixs/terms	mixs.yaml
rel_samp_loc_enum	enum	from_schema	http://w3id.org/mixs/terms	mixs.yaml
room_condt_enum	enum	from_schema	http://w3id.org/mixs/terms	mixs.yaml
room_connected_enum	enum	from_schema	http://w3id.org/mixs/terms	mixs.yaml
room_loc_enum	enum	from_schema	http://w3id.org/mixs/terms	mixs.yaml
room_samp_pos_enum	enum	from_schema	http://w3id.org/mixs/terms	mixs.yaml
room_type_enum	enum	from_schema	http://w3id.org/mixs/terms	mixs.yaml
samp_capt_status_enum	enum	from_schema	http://w3id.org/mixs/terms	mixs.yaml
samp_collect_point_enum	enum	from_schema	http://w3id.org/mixs/terms	mixs.yaml
samp_dis_stage_enum	enum	from_schema	http://w3id.org/mixs/terms	mixs.yaml
samp_floor_enum	enum	from_schema	http://w3id.org/mixs/terms	mixs.yaml
samp_md_enum	enum	from_schema	http://w3id.org/mixs/terms	mixs.yaml
samp_subtype_enum	enum	from_schema	http://w3id.org/mixs/terms	mixs.yaml
samp_weather_enum	enum	from_schema	http://w3id.org/mixs/terms	mixs.yaml
season_use_enum	enum	from_schema	http://w3id.org/mixs/terms	mixs.yaml
sediment_type_enum	enum	from_schema	http://w3id.org/mixs/terms	mixs.yaml
shading_device_cond_enum	enum	from_schema	http://w3id.org/mixs/terms	mixs.yaml
shading_device_type_enum	enum	from_schema	http://w3id.org/mixs/terms	mixs.yaml
soil_horizon_enum	enum	from_schema	http://w3id.org/mixs/terms	mixs.yaml
specific_enum	enum	from_schema	http://w3id.org/mixs/terms	mixs.yaml
sr_dep_env_enum	enum	from_schema	http://w3id.org/mixs/terms	mixs.yaml
sr_geol_age_enum	enum	from_schema	http://w3id.org/mixs/terms	mixs.yaml
sr_kerog_type_enum	enum	from_schema	http://w3id.org/mixs/terms	mixs.yaml
sr_lithology_enum	enum	from_schema	http://w3id.org/mixs/terms	mixs.yaml
substructure_type_enum	enum	from_schema	http://w3id.org/mixs/terms	mixs.yaml
surf_air_cont_enum	enum	from_schema	http://w3id.org/mixs/terms	mixs.yaml
surf_material_enum	enum	from_schema	http://w3id.org/mixs/terms	mixs.yaml
tidal_stage_enum	enum	from_schema	http://w3id.org/mixs/terms	mixs.yaml
tillage_enum	enum	from_schema	http://w3id.org/mixs/terms	mixs.yaml
train_line_enum	enum	from_schema	http://w3id.org/mixs/terms	mixs.yaml
train_stat_loc_enum	enum	from_schema	http://w3id.org/mixs/terms	mixs.yaml
train_stop_loc_enum	enum	from_schema	http://w3id.org/mixs/terms	mixs.yaml
vis_media_enum	enum	from_schema	http://w3id.org/mixs/terms	mixs.yaml
wall_const_type_enum	enum	from_schema	http://w3id.org/mixs/terms	mixs.yaml
wall_finish_mat_enum	enum	from_schema	http://w3id.org/mixs/terms	mixs.yaml
wall_loc_enum	enum	from_schema	http://w3id.org/mixs/terms	mixs.yaml
wall_surf_treatment_enum	enum	from_schema	http://w3id.org/mixs/terms	mixs.yaml
wall_texture_enum	enum	from_schema	http://w3id.org/mixs/terms	mixs.yaml
water_feat_type_enum	enum	from_schema	http://w3id.org/mixs/terms	mixs.yaml
weekday_enum	enum	from_schema	http://w3id.org/mixs/terms	mixs.yaml
window_cond_enum	enum	from_schema	http://w3id.org/mixs/terms	mixs.yaml
window_cover_enum	enum	from_schema	http://w3id.org/mixs/terms	mixs.yaml
window_horiz_pos_enum	enum	from_schema	http://w3id.org/mixs/terms	mixs.yaml
window_loc_enum	enum	from_schema	http://w3id.org/mixs/terms	mixs.yaml
window_mat_enum	enum	from_schema	http://w3id.org/mixs/terms	mixs.yaml
window_type_enum	enum	from_schema	http://w3id.org/mixs/terms	mixs.yaml
window_vert_pos_enum	enum	from_schema	http://w3id.org/mixs/terms	mixs.yaml
