id	processing_institution	new
emsl:570991	Environmental Molecular Science Laboratory	EMSL
emsl:570856	Environmental Molecular Science Laboratory	EMSL
emsl:570998	Environmental Molecular Science Laboratory	EMSL
emsl:570855	Environmental Molecular Science Laboratory	EMSL
emsl:572512	Environmental Molecular Science Laboratory	EMSL
emsl:570823	Environmental Molecular Science Laboratory	EMSL
emsl:572515	Environmental Molecular Science Laboratory	EMSL
emsl:572516	Environmental Molecular Science Laboratory	EMSL
emsl:570993	Environmental Molecular Science Laboratory	EMSL
emsl:570846	Environmental Molecular Science Laboratory	EMSL
emsl:572517	Environmental Molecular Science Laboratory	EMSL
emsl:572513	Environmental Molecular Science Laboratory	EMSL
emsl:570819	Environmental Molecular Science Laboratory	EMSL
emsl:570845	Environmental Molecular Science Laboratory	EMSL
emsl:571001	Environmental Molecular Science Laboratory	EMSL
emsl:572508	Environmental Molecular Science Laboratory	EMSL
emsl:572507	Environmental Molecular Science Laboratory	EMSL
emsl:570791	Environmental Molecular Science Laboratory	EMSL
emsl:570994	Environmental Molecular Science Laboratory	EMSL
emsl:570843	Environmental Molecular Science Laboratory	EMSL
emsl:570986	Environmental Molecular Science Laboratory	EMSL
emsl:572504	Environmental Molecular Science Laboratory	EMSL
emsl:572506	Environmental Molecular Science Laboratory	EMSL
emsl:570793	Environmental Molecular Science Laboratory	EMSL
emsl:572505	Environmental Molecular Science Laboratory	EMSL
emsl:570989	Environmental Molecular Science Laboratory	EMSL
emsl:570853	Environmental Molecular Science Laboratory	EMSL
emsl:572520	Environmental Molecular Science Laboratory	EMSL
emsl:570837	Environmental Molecular Science Laboratory	EMSL
emsl:570983	Environmental Molecular Science Laboratory	EMSL
emsl:570987	Environmental Molecular Science Laboratory	EMSL
emsl:572511	Environmental Molecular Science Laboratory	EMSL
emsl:570826	Environmental Molecular Science Laboratory	EMSL
emsl:570988	Environmental Molecular Science Laboratory	EMSL
emsl:572519	Environmental Molecular Science Laboratory	EMSL
emsl:570812	Environmental Molecular Science Laboratory	EMSL
emsl:570796	Environmental Molecular Science Laboratory	EMSL
emsl:570990	Environmental Molecular Science Laboratory	EMSL
emsl:570836	Environmental Molecular Science Laboratory	EMSL
emsl:572518	Environmental Molecular Science Laboratory	EMSL
emsl:570841	Environmental Molecular Science Laboratory	EMSL
emsl:571000	Environmental Molecular Science Laboratory	EMSL
emsl:570809	Environmental Molecular Science Laboratory	EMSL
emsl:572522	Environmental Molecular Science Laboratory	EMSL
emsl:570825	Environmental Molecular Science Laboratory	EMSL
emsl:570976	Environmental Molecular Science Laboratory	EMSL
emsl:572509	Environmental Molecular Science Laboratory	EMSL
emsl:572521	Environmental Molecular Science Laboratory	EMSL
emsl:572514	Environmental Molecular Science Laboratory	EMSL
emsl:572510	Environmental Molecular Science Laboratory	EMSL
emsl:456424	Environmental Molecular Sciences Lab	EMSL
emsl:456425	Environmental Molecular Sciences Lab	EMSL
emsl:456429	Environmental Molecular Sciences Lab	EMSL
emsl:456430	Environmental Molecular Sciences Lab	EMSL
emsl:456434	Environmental Molecular Sciences Lab	EMSL
emsl:456435	Environmental Molecular Sciences Lab	EMSL
emsl:456439	Environmental Molecular Sciences Lab	EMSL
emsl:456440	Environmental Molecular Sciences Lab	EMSL
emsl:456444	Environmental Molecular Sciences Lab	EMSL
emsl:456445	Environmental Molecular Sciences Lab	EMSL
emsl:456449	Environmental Molecular Sciences Lab	EMSL
emsl:456450	Environmental Molecular Sciences Lab	EMSL
emsl:456454	Environmental Molecular Sciences Lab	EMSL
emsl:456455	Environmental Molecular Sciences Lab	EMSL
emsl:456459	Environmental Molecular Sciences Lab	EMSL
emsl:456460	Environmental Molecular Sciences Lab	EMSL
emsl:456464	Environmental Molecular Sciences Lab	EMSL
emsl:456465	Environmental Molecular Sciences Lab	EMSL
emsl:456469	Environmental Molecular Sciences Lab	EMSL
emsl:456470	Environmental Molecular Sciences Lab	EMSL
emsl:456474	Environmental Molecular Sciences Lab	EMSL
emsl:456475	Environmental Molecular Sciences Lab	EMSL
emsl:456479	Environmental Molecular Sciences Lab	EMSL
emsl:456480	Environmental Molecular Sciences Lab	EMSL
emsl:456484	Environmental Molecular Sciences Lab	EMSL
emsl:456485	Environmental Molecular Sciences Lab	EMSL
emsl:456489	Environmental Molecular Sciences Lab	EMSL
emsl:456490	Environmental Molecular Sciences Lab	EMSL
emsl:456494	Environmental Molecular Sciences Lab	EMSL
emsl:456495	Environmental Molecular Sciences Lab	EMSL
emsl:456499	Environmental Molecular Sciences Lab	EMSL
emsl:456500	Environmental Molecular Sciences Lab	EMSL
emsl:456504	Environmental Molecular Sciences Lab	EMSL
emsl:456505	Environmental Molecular Sciences Lab	EMSL
emsl:456509	Environmental Molecular Sciences Lab	EMSL
emsl:456510	Environmental Molecular Sciences Lab	EMSL
emsl:456514	Environmental Molecular Sciences Lab	EMSL
emsl:456515	Environmental Molecular Sciences Lab	EMSL
emsl:456519	Environmental Molecular Sciences Lab	EMSL
emsl:456520	Environmental Molecular Sciences Lab	EMSL
emsl:456524	Environmental Molecular Sciences Lab	EMSL
emsl:456525	Environmental Molecular Sciences Lab	EMSL
emsl:456529	Environmental Molecular Sciences Lab	EMSL
emsl:456530	Environmental Molecular Sciences Lab	EMSL
emsl:456534	Environmental Molecular Sciences Lab	EMSL
emsl:456535	Environmental Molecular Sciences Lab	EMSL
emsl:456539	Environmental Molecular Sciences Lab	EMSL
emsl:456540	Environmental Molecular Sciences Lab	EMSL
emsl:456544	Environmental Molecular Sciences Lab	EMSL
emsl:456545	Environmental Molecular Sciences Lab	EMSL
emsl:456549	Environmental Molecular Sciences Lab	EMSL
emsl:456550	Environmental Molecular Sciences Lab	EMSL
emsl:456554	Environmental Molecular Sciences Lab	EMSL
emsl:456555	Environmental Molecular Sciences Lab	EMSL
emsl:456559	Environmental Molecular Sciences Lab	EMSL
emsl:456560	Environmental Molecular Sciences Lab	EMSL
emsl:456564	Environmental Molecular Sciences Lab	EMSL
emsl:456565	Environmental Molecular Sciences Lab	EMSL
emsl:456569	Environmental Molecular Sciences Lab	EMSL
emsl:456570	Environmental Molecular Sciences Lab	EMSL
emsl:456574	Environmental Molecular Sciences Lab	EMSL
emsl:456575	Environmental Molecular Sciences Lab	EMSL
emsl:456579	Environmental Molecular Sciences Lab	EMSL
emsl:456580	Environmental Molecular Sciences Lab	EMSL
emsl:456584	Environmental Molecular Sciences Lab	EMSL
emsl:456585	Environmental Molecular Sciences Lab	EMSL
emsl:456589	Environmental Molecular Sciences Lab	EMSL
emsl:456590	Environmental Molecular Sciences Lab	EMSL
emsl:456596	Environmental Molecular Sciences Lab	EMSL
emsl:456597	Environmental Molecular Sciences Lab	EMSL
emsl:456599	Environmental Molecular Sciences Lab	EMSL
emsl:456600	Environmental Molecular Sciences Lab	EMSL
emsl:456601	Environmental Molecular Sciences Lab	EMSL
emsl:456602	Environmental Molecular Sciences Lab	EMSL
emsl:456603	Environmental Molecular Sciences Lab	EMSL
emsl:456604	Environmental Molecular Sciences Lab	EMSL
emsl:456605	Environmental Molecular Sciences Lab	EMSL
emsl:456606	Environmental Molecular Sciences Lab	EMSL
emsl:456607	Environmental Molecular Sciences Lab	EMSL
emsl:456608	Environmental Molecular Sciences Lab	EMSL
emsl:456609	Environmental Molecular Sciences Lab	EMSL
emsl:456610	Environmental Molecular Sciences Lab	EMSL
emsl:456611	Environmental Molecular Sciences Lab	EMSL
emsl:456612	Environmental Molecular Sciences Lab	EMSL
emsl:456613	Environmental Molecular Sciences Lab	EMSL
emsl:456614	Environmental Molecular Sciences Lab	EMSL
emsl:456615	Environmental Molecular Sciences Lab	EMSL
emsl:456616	Environmental Molecular Sciences Lab	EMSL
emsl:456617	Environmental Molecular Sciences Lab	EMSL
emsl:456618	Environmental Molecular Sciences Lab	EMSL
emsl:456619	Environmental Molecular Sciences Lab	EMSL
emsl:456620	Environmental Molecular Sciences Lab	EMSL
emsl:456621	Environmental Molecular Sciences Lab	EMSL
emsl:456622	Environmental Molecular Sciences Lab	EMSL
emsl:456623	Environmental Molecular Sciences Lab	EMSL
emsl:456624	Environmental Molecular Sciences Lab	EMSL
emsl:456625	Environmental Molecular Sciences Lab	EMSL
emsl:456626	Environmental Molecular Sciences Lab	EMSL
emsl:456627	Environmental Molecular Sciences Lab	EMSL
emsl:456628	Environmental Molecular Sciences Lab	EMSL
emsl:456629	Environmental Molecular Sciences Lab	EMSL
emsl:456630	Environmental Molecular Sciences Lab	EMSL
emsl:456631	Environmental Molecular Sciences Lab	EMSL
emsl:456632	Environmental Molecular Sciences Lab	EMSL
emsl:456633	Environmental Molecular Sciences Lab	EMSL
emsl:456634	Environmental Molecular Sciences Lab	EMSL
emsl:456635	Environmental Molecular Sciences Lab	EMSL
emsl:456636	Environmental Molecular Sciences Lab	EMSL
emsl:456637	Environmental Molecular Sciences Lab	EMSL
emsl:456638	Environmental Molecular Sciences Lab	EMSL
emsl:456639	Environmental Molecular Sciences Lab	EMSL
emsl:456640	Environmental Molecular Sciences Lab	EMSL
emsl:456641	Environmental Molecular Sciences Lab	EMSL
emsl:456642	Environmental Molecular Sciences Lab	EMSL
emsl:456643	Environmental Molecular Sciences Lab	EMSL
emsl:456644	Environmental Molecular Sciences Lab	EMSL
emsl:456645	Environmental Molecular Sciences Lab	EMSL
emsl:456646	Environmental Molecular Sciences Lab	EMSL
emsl:456647	Environmental Molecular Sciences Lab	EMSL
emsl:456648	Environmental Molecular Sciences Lab	EMSL
emsl:456649	Environmental Molecular Sciences Lab	EMSL
emsl:456650	Environmental Molecular Sciences Lab	EMSL
emsl:456651	Environmental Molecular Sciences Lab	EMSL
emsl:456652	Environmental Molecular Sciences Lab	EMSL
emsl:456653	Environmental Molecular Sciences Lab	EMSL
emsl:456654	Environmental Molecular Sciences Lab	EMSL
emsl:456655	Environmental Molecular Sciences Lab	EMSL
emsl:456656	Environmental Molecular Sciences Lab	EMSL
emsl:456657	Environmental Molecular Sciences Lab	EMSL
emsl:456658	Environmental Molecular Sciences Lab	EMSL
emsl:456659	Environmental Molecular Sciences Lab	EMSL
emsl:456660	Environmental Molecular Sciences Lab	EMSL
emsl:456661	Environmental Molecular Sciences Lab	EMSL
emsl:456662	Environmental Molecular Sciences Lab	EMSL
emsl:456663	Environmental Molecular Sciences Lab	EMSL
emsl:456664	Environmental Molecular Sciences Lab	EMSL
emsl:456665	Environmental Molecular Sciences Lab	EMSL
emsl:456666	Environmental Molecular Sciences Lab	EMSL
emsl:456667	Environmental Molecular Sciences Lab	EMSL
emsl:456668	Environmental Molecular Sciences Lab	EMSL
emsl:456669	Environmental Molecular Sciences Lab	EMSL
emsl:456670	Environmental Molecular Sciences Lab	EMSL
emsl:456671	Environmental Molecular Sciences Lab	EMSL
emsl:456672	Environmental Molecular Sciences Lab	EMSL
emsl:456673	Environmental Molecular Sciences Lab	EMSL
emsl:456674	Environmental Molecular Sciences Lab	EMSL
emsl:456675	Environmental Molecular Sciences Lab	EMSL
emsl:456676	Environmental Molecular Sciences Lab	EMSL
emsl:456677	Environmental Molecular Sciences Lab	EMSL
emsl:456678	Environmental Molecular Sciences Lab	EMSL
emsl:456679	Environmental Molecular Sciences Lab	EMSL
emsl:456680	Environmental Molecular Sciences Lab	EMSL
emsl:456681	Environmental Molecular Sciences Lab	EMSL
emsl:456682	Environmental Molecular Sciences Lab	EMSL
emsl:456683	Environmental Molecular Sciences Lab	EMSL
emsl:456684	Environmental Molecular Sciences Lab	EMSL
emsl:456685	Environmental Molecular Sciences Lab	EMSL
emsl:456686	Environmental Molecular Sciences Lab	EMSL
emsl:456687	Environmental Molecular Sciences Lab	EMSL
emsl:456688	Environmental Molecular Sciences Lab	EMSL
emsl:456689	Environmental Molecular Sciences Lab	EMSL
emsl:456690	Environmental Molecular Sciences Lab	EMSL
emsl:456691	Environmental Molecular Sciences Lab	EMSL
emsl:456692	Environmental Molecular Sciences Lab	EMSL
emsl:456693	Environmental Molecular Sciences Lab	EMSL
emsl:456694	Environmental Molecular Sciences Lab	EMSL
emsl:456695	Environmental Molecular Sciences Lab	EMSL
emsl:456696	Environmental Molecular Sciences Lab	EMSL
emsl:456697	Environmental Molecular Sciences Lab	EMSL
emsl:456698	Environmental Molecular Sciences Lab	EMSL
emsl:457878	Environmental Molecular Sciences Lab	EMSL
emsl:457879	Environmental Molecular Sciences Lab	EMSL
emsl:457880	Environmental Molecular Sciences Lab	EMSL
emsl:457882	Environmental Molecular Sciences Lab	EMSL
emsl:457883	Environmental Molecular Sciences Lab	EMSL
emsl:457884	Environmental Molecular Sciences Lab	EMSL
emsl:457885	Environmental Molecular Sciences Lab	EMSL
emsl:457886	Environmental Molecular Sciences Lab	EMSL
emsl:457887	Environmental Molecular Sciences Lab	EMSL
emsl:457888	Environmental Molecular Sciences Lab	EMSL
emsl:457889	Environmental Molecular Sciences Lab	EMSL
emsl:457890	Environmental Molecular Sciences Lab	EMSL
emsl:457891	Environmental Molecular Sciences Lab	EMSL
emsl:457892	Environmental Molecular Sciences Lab	EMSL
emsl:457893	Environmental Molecular Sciences Lab	EMSL
emsl:457894	Environmental Molecular Sciences Lab	EMSL
emsl:457895	Environmental Molecular Sciences Lab	EMSL
emsl:457896	Environmental Molecular Sciences Lab	EMSL
emsl:457897	Environmental Molecular Sciences Lab	EMSL
emsl:457898	Environmental Molecular Sciences Lab	EMSL
emsl:457899	Environmental Molecular Sciences Lab	EMSL
emsl:457900	Environmental Molecular Sciences Lab	EMSL
emsl:457901	Environmental Molecular Sciences Lab	EMSL
emsl:457902	Environmental Molecular Sciences Lab	EMSL
emsl:457903	Environmental Molecular Sciences Lab	EMSL
emsl:457904	Environmental Molecular Sciences Lab	EMSL
emsl:457905	Environmental Molecular Sciences Lab	EMSL
emsl:457906	Environmental Molecular Sciences Lab	EMSL
emsl:457907	Environmental Molecular Sciences Lab	EMSL
emsl:457908	Environmental Molecular Sciences Lab	EMSL
emsl:457909	Environmental Molecular Sciences Lab	EMSL
emsl:457910	Environmental Molecular Sciences Lab	EMSL
emsl:457911	Environmental Molecular Sciences Lab	EMSL
emsl:457912	Environmental Molecular Sciences Lab	EMSL
emsl:457916	Environmental Molecular Sciences Lab	EMSL
emsl:457917	Environmental Molecular Sciences Lab	EMSL
emsl:457918	Environmental Molecular Sciences Lab	EMSL
emsl:457919	Environmental Molecular Sciences Lab	EMSL
emsl:457920	Environmental Molecular Sciences Lab	EMSL
emsl:457921	Environmental Molecular Sciences Lab	EMSL
emsl:457922	Environmental Molecular Sciences Lab	EMSL
emsl:457923	Environmental Molecular Sciences Lab	EMSL
emsl:457924	Environmental Molecular Sciences Lab	EMSL
emsl:457925	Environmental Molecular Sciences Lab	EMSL
emsl:457926	Environmental Molecular Sciences Lab	EMSL
emsl:457927	Environmental Molecular Sciences Lab	EMSL
emsl:457928	Environmental Molecular Sciences Lab	EMSL
emsl:457929	Environmental Molecular Sciences Lab	EMSL
emsl:457930	Environmental Molecular Sciences Lab	EMSL
emsl:457931	Environmental Molecular Sciences Lab	EMSL
emsl:457932	Environmental Molecular Sciences Lab	EMSL
emsl:457933	Environmental Molecular Sciences Lab	EMSL
emsl:457934	Environmental Molecular Sciences Lab	EMSL
emsl:457935	Environmental Molecular Sciences Lab	EMSL
emsl:457936	Environmental Molecular Sciences Lab	EMSL
emsl:457937	Environmental Molecular Sciences Lab	EMSL
emsl:457938	Environmental Molecular Sciences Lab	EMSL
emsl:457939	Environmental Molecular Sciences Lab	EMSL
emsl:457940	Environmental Molecular Sciences Lab	EMSL
emsl:457941	Environmental Molecular Sciences Lab	EMSL
emsl:457942	Environmental Molecular Sciences Lab	EMSL
emsl:457943	Environmental Molecular Sciences Lab	EMSL
emsl:457944	Environmental Molecular Sciences Lab	EMSL
emsl:457945	Environmental Molecular Sciences Lab	EMSL
emsl:457946	Environmental Molecular Sciences Lab	EMSL
emsl:457947	Environmental Molecular Sciences Lab	EMSL
emsl:457948	Environmental Molecular Sciences Lab	EMSL
emsl:457949	Environmental Molecular Sciences Lab	EMSL
emsl:458251	Environmental Molecular Sciences Lab	EMSL
emsl:458252	Environmental Molecular Sciences Lab	EMSL
emsl:458253	Environmental Molecular Sciences Lab	EMSL
emsl:458254	Environmental Molecular Sciences Lab	EMSL
emsl:458255	Environmental Molecular Sciences Lab	EMSL
emsl:458256	Environmental Molecular Sciences Lab	EMSL
emsl:458257	Environmental Molecular Sciences Lab	EMSL
emsl:458258	Environmental Molecular Sciences Lab	EMSL
emsl:458259	Environmental Molecular Sciences Lab	EMSL
emsl:458260	Environmental Molecular Sciences Lab	EMSL
emsl:458261	Environmental Molecular Sciences Lab	EMSL
emsl:458262	Environmental Molecular Sciences Lab	EMSL
emsl:458263	Environmental Molecular Sciences Lab	EMSL
emsl:458264	Environmental Molecular Sciences Lab	EMSL
emsl:458265	Environmental Molecular Sciences Lab	EMSL
emsl:458266	Environmental Molecular Sciences Lab	EMSL
emsl:458267	Environmental Molecular Sciences Lab	EMSL
emsl:458268	Environmental Molecular Sciences Lab	EMSL
emsl:458269	Environmental Molecular Sciences Lab	EMSL
emsl:458270	Environmental Molecular Sciences Lab	EMSL
emsl:458271	Environmental Molecular Sciences Lab	EMSL
emsl:458272	Environmental Molecular Sciences Lab	EMSL
emsl:458273	Environmental Molecular Sciences Lab	EMSL
emsl:458274	Environmental Molecular Sciences Lab	EMSL
emsl:458275	Environmental Molecular Sciences Lab	EMSL
emsl:458276	Environmental Molecular Sciences Lab	EMSL
emsl:458277	Environmental Molecular Sciences Lab	EMSL
emsl:458278	Environmental Molecular Sciences Lab	EMSL
emsl:458279	Environmental Molecular Sciences Lab	EMSL
emsl:458280	Environmental Molecular Sciences Lab	EMSL
emsl:458281	Environmental Molecular Sciences Lab	EMSL
emsl:458282	Environmental Molecular Sciences Lab	EMSL
emsl:458283	Environmental Molecular Sciences Lab	EMSL
emsl:458284	Environmental Molecular Sciences Lab	EMSL
emsl:458285	Environmental Molecular Sciences Lab	EMSL
emsl:458286	Environmental Molecular Sciences Lab	EMSL
emsl:458287	Environmental Molecular Sciences Lab	EMSL
emsl:458288	Environmental Molecular Sciences Lab	EMSL
emsl:458289	Environmental Molecular Sciences Lab	EMSL
emsl:458290	Environmental Molecular Sciences Lab	EMSL
emsl:458291	Environmental Molecular Sciences Lab	EMSL
emsl:458292	Environmental Molecular Sciences Lab	EMSL
emsl:458293	Environmental Molecular Sciences Lab	EMSL
emsl:458294	Environmental Molecular Sciences Lab	EMSL
emsl:458296	Environmental Molecular Sciences Lab	EMSL
emsl:458297	Environmental Molecular Sciences Lab	EMSL
emsl:458298	Environmental Molecular Sciences Lab	EMSL
emsl:458299	Environmental Molecular Sciences Lab	EMSL
emsl:458300	Environmental Molecular Sciences Lab	EMSL
emsl:458301	Environmental Molecular Sciences Lab	EMSL
emsl:458302	Environmental Molecular Sciences Lab	EMSL
emsl:458303	Environmental Molecular Sciences Lab	EMSL
emsl:458304	Environmental Molecular Sciences Lab	EMSL
emsl:458305	Environmental Molecular Sciences Lab	EMSL
emsl:458306	Environmental Molecular Sciences Lab	EMSL
emsl:458307	Environmental Molecular Sciences Lab	EMSL
emsl:499451	Environmental Molecular Sciences Lab	EMSL
emsl:499452	Environmental Molecular Sciences Lab	EMSL
emsl:499453	Environmental Molecular Sciences Lab	EMSL
emsl:499455	Environmental Molecular Sciences Lab	EMSL
emsl:499557	Environmental Molecular Sciences Lab	EMSL
emsl:499558	Environmental Molecular Sciences Lab	EMSL
emsl:499561	Environmental Molecular Sciences Lab	EMSL
emsl:499562	Environmental Molecular Sciences Lab	EMSL
emsl:499563	Environmental Molecular Sciences Lab	EMSL
emsl:499565	Environmental Molecular Sciences Lab	EMSL
emsl:499567	Environmental Molecular Sciences Lab	EMSL
emsl:499568	Environmental Molecular Sciences Lab	EMSL
emsl:499570	Environmental Molecular Sciences Lab	EMSL
emsl:499571	Environmental Molecular Sciences Lab	EMSL
emsl:499573	Environmental Molecular Sciences Lab	EMSL
emsl:499575	Environmental Molecular Sciences Lab	EMSL
emsl:499636	Environmental Molecular Sciences Lab	EMSL
emsl:499639	Environmental Molecular Sciences Lab	EMSL
emsl:499640	Environmental Molecular Sciences Lab	EMSL
emsl:499718	Environmental Molecular Sciences Lab	EMSL
emsl:499721	Environmental Molecular Sciences Lab	EMSL
emsl:499722	Environmental Molecular Sciences Lab	EMSL
emsl:499773	Environmental Molecular Sciences Lab	EMSL
emsl:499777	Environmental Molecular Sciences Lab	EMSL
emsl:499778	Environmental Molecular Sciences Lab	EMSL
emsl:499780	Environmental Molecular Sciences Lab	EMSL
emsl:499782	Environmental Molecular Sciences Lab	EMSL
emsl:499784	Environmental Molecular Sciences Lab	EMSL
emsl:499786	Environmental Molecular Sciences Lab	EMSL
emsl:499789	Environmental Molecular Sciences Lab	EMSL
emsl:499790	Environmental Molecular Sciences Lab	EMSL
emsl:499792	Environmental Molecular Sciences Lab	EMSL
emsl:499794	Environmental Molecular Sciences Lab	EMSL
emsl:500088	Environmental Molecular Sciences Lab	EMSL
emsl:500090	Environmental Molecular Sciences Lab	EMSL
emsl:500091	Environmental Molecular Sciences Lab	EMSL
emsl:500093	Environmental Molecular Sciences Lab	EMSL
emsl:500094	Environmental Molecular Sciences Lab	EMSL
emsl:500095	Environmental Molecular Sciences Lab	EMSL
emsl:500096	Environmental Molecular Sciences Lab	EMSL
emsl:500097	Environmental Molecular Sciences Lab	EMSL
emsl:500098	Environmental Molecular Sciences Lab	EMSL
emsl:500099	Environmental Molecular Sciences Lab	EMSL
emsl:500100	Environmental Molecular Sciences Lab	EMSL
emsl:500101	Environmental Molecular Sciences Lab	EMSL
emsl:500102	Environmental Molecular Sciences Lab	EMSL
emsl:500103	Environmental Molecular Sciences Lab	EMSL
emsl:500160	Environmental Molecular Sciences Lab	EMSL
emsl:500161	Environmental Molecular Sciences Lab	EMSL
emsl:500162	Environmental Molecular Sciences Lab	EMSL
emsl:500163	Environmental Molecular Sciences Lab	EMSL
emsl:500164	Environmental Molecular Sciences Lab	EMSL
emsl:500165	Environmental Molecular Sciences Lab	EMSL
emsl:500166	Environmental Molecular Sciences Lab	EMSL
emsl:500167	Environmental Molecular Sciences Lab	EMSL
emsl:500829	Environmental Molecular Sciences Lab	EMSL
emsl:500830	Environmental Molecular Sciences Lab	EMSL
emsl:500831	Environmental Molecular Sciences Lab	EMSL
emsl:500833	Environmental Molecular Sciences Lab	EMSL
emsl:500834	Environmental Molecular Sciences Lab	EMSL
emsl:500835	Environmental Molecular Sciences Lab	EMSL
emsl:500836	Environmental Molecular Sciences Lab	EMSL
emsl:500837	Environmental Molecular Sciences Lab	EMSL
emsl:501128	Environmental Molecular Sciences Lab	EMSL
emsl:501132	Environmental Molecular Sciences Lab	EMSL
emsl:501138	Environmental Molecular Sciences Lab	EMSL
emsl:501139	Environmental Molecular Sciences Lab	EMSL
emsl:511397	Environmental Molecular Sciences Lab	EMSL
emsl:511400	Environmental Molecular Sciences Lab	EMSL
emsl:511401	Environmental Molecular Sciences Lab	EMSL
emsl:511402	Environmental Molecular Sciences Lab	EMSL
emsl:511403	Environmental Molecular Sciences Lab	EMSL
emsl:511404	Environmental Molecular Sciences Lab	EMSL
emsl:511405	Environmental Molecular Sciences Lab	EMSL
emsl:511406	Environmental Molecular Sciences Lab	EMSL
emsl:511447	Environmental Molecular Sciences Lab	EMSL
emsl:511448	Environmental Molecular Sciences Lab	EMSL
emsl:511449	Environmental Molecular Sciences Lab	EMSL
emsl:511450	Environmental Molecular Sciences Lab	EMSL
emsl:511451	Environmental Molecular Sciences Lab	EMSL
emsl:511452	Environmental Molecular Sciences Lab	EMSL
emsl:511453	Environmental Molecular Sciences Lab	EMSL
emsl:511454	Environmental Molecular Sciences Lab	EMSL
emsl:511455	Environmental Molecular Sciences Lab	EMSL
emsl:511456	Environmental Molecular Sciences Lab	EMSL
emsl:511457	Environmental Molecular Sciences Lab	EMSL
emsl:511458	Environmental Molecular Sciences Lab	EMSL
emsl:511459	Environmental Molecular Sciences Lab	EMSL
emsl:511460	Environmental Molecular Sciences Lab	EMSL
emsl:511461	Environmental Molecular Sciences Lab	EMSL
emsl:511462	Environmental Molecular Sciences Lab	EMSL
emsl:511463	Environmental Molecular Sciences Lab	EMSL
emsl:511464	Environmental Molecular Sciences Lab	EMSL
emsl:511465	Environmental Molecular Sciences Lab	EMSL
emsl:511466	Environmental Molecular Sciences Lab	EMSL
emsl:511467	Environmental Molecular Sciences Lab	EMSL
emsl:511468	Environmental Molecular Sciences Lab	EMSL
emsl:511469	Environmental Molecular Sciences Lab	EMSL
emsl:511470	Environmental Molecular Sciences Lab	EMSL
emsl:511471	Environmental Molecular Sciences Lab	EMSL
emsl:511472	Environmental Molecular Sciences Lab	EMSL
emsl:511901	Environmental Molecular Sciences Lab	EMSL
emsl:511902	Environmental Molecular Sciences Lab	EMSL
emsl:511903	Environmental Molecular Sciences Lab	EMSL
emsl:511904	Environmental Molecular Sciences Lab	EMSL
emsl:511905	Environmental Molecular Sciences Lab	EMSL
emsl:511906	Environmental Molecular Sciences Lab	EMSL
emsl:511907	Environmental Molecular Sciences Lab	EMSL
emsl:511908	Environmental Molecular Sciences Lab	EMSL
emsl:511909	Environmental Molecular Sciences Lab	EMSL
emsl:511974	Environmental Molecular Sciences Lab	EMSL
emsl:511975	Environmental Molecular Sciences Lab	EMSL
emsl:511976	Environmental Molecular Sciences Lab	EMSL
emsl:511977	Environmental Molecular Sciences Lab	EMSL
emsl:511978	Environmental Molecular Sciences Lab	EMSL
emsl:511979	Environmental Molecular Sciences Lab	EMSL
emsl:511980	Environmental Molecular Sciences Lab	EMSL
emsl:511981	Environmental Molecular Sciences Lab	EMSL
emsl:511982	Environmental Molecular Sciences Lab	EMSL
emsl:511983	Environmental Molecular Sciences Lab	EMSL
emsl:512104	Environmental Molecular Sciences Lab	EMSL
emsl:512105	Environmental Molecular Sciences Lab	EMSL
emsl:512106	Environmental Molecular Sciences Lab	EMSL
emsl:512107	Environmental Molecular Sciences Lab	EMSL
emsl:512108	Environmental Molecular Sciences Lab	EMSL
emsl:512109	Environmental Molecular Sciences Lab	EMSL
emsl:512110	Environmental Molecular Sciences Lab	EMSL
emsl:512111	Environmental Molecular Sciences Lab	EMSL
emsl:512112	Environmental Molecular Sciences Lab	EMSL
emsl:512113	Environmental Molecular Sciences Lab	EMSL
emsl:512114	Environmental Molecular Sciences Lab	EMSL
emsl:512115	Environmental Molecular Sciences Lab	EMSL
emsl:512116	Environmental Molecular Sciences Lab	EMSL
emsl:512117	Environmental Molecular Sciences Lab	EMSL
emsl:512118	Environmental Molecular Sciences Lab	EMSL
emsl:705701	Environmental Molecular Sciences Lab	EMSL
emsl:705702	Environmental Molecular Sciences Lab	EMSL
emsl:705703	Environmental Molecular Sciences Lab	EMSL
emsl:705704	Environmental Molecular Sciences Lab	EMSL
emsl:705705	Environmental Molecular Sciences Lab	EMSL
emsl:705706	Environmental Molecular Sciences Lab	EMSL
emsl:705707	Environmental Molecular Sciences Lab	EMSL
emsl:705708	Environmental Molecular Sciences Lab	EMSL
emsl:705709	Environmental Molecular Sciences Lab	EMSL
emsl:705710	Environmental Molecular Sciences Lab	EMSL
emsl:705711	Environmental Molecular Sciences Lab	EMSL
emsl:705712	Environmental Molecular Sciences Lab	EMSL
emsl:705713	Environmental Molecular Sciences Lab	EMSL
emsl:705714	Environmental Molecular Sciences Lab	EMSL
emsl:705715	Environmental Molecular Sciences Lab	EMSL
emsl:705716	Environmental Molecular Sciences Lab	EMSL
emsl:705717	Environmental Molecular Sciences Lab	EMSL
emsl:705718	Environmental Molecular Sciences Lab	EMSL
emsl:705719	Environmental Molecular Sciences Lab	EMSL
emsl:705720	Environmental Molecular Sciences Lab	EMSL
emsl:705721	Environmental Molecular Sciences Lab	EMSL
emsl:705722	Environmental Molecular Sciences Lab	EMSL
emsl:705723	Environmental Molecular Sciences Lab	EMSL
emsl:705724	Environmental Molecular Sciences Lab	EMSL
emsl:705725	Environmental Molecular Sciences Lab	EMSL
emsl:705726	Environmental Molecular Sciences Lab	EMSL
emsl:705727	Environmental Molecular Sciences Lab	EMSL
emsl:705728	Environmental Molecular Sciences Lab	EMSL
emsl:705729	Environmental Molecular Sciences Lab	EMSL
emsl:705730	Environmental Molecular Sciences Lab	EMSL
emsl:705731	Environmental Molecular Sciences Lab	EMSL
emsl:705732	Environmental Molecular Sciences Lab	EMSL
emsl:705733	Environmental Molecular Sciences Lab	EMSL
emsl:705734	Environmental Molecular Sciences Lab	EMSL
emsl:705735	Environmental Molecular Sciences Lab	EMSL
emsl:705927	Environmental Molecular Sciences Lab	EMSL
emsl:705928	Environmental Molecular Sciences Lab	EMSL
emsl:705929	Environmental Molecular Sciences Lab	EMSL
emsl:705930	Environmental Molecular Sciences Lab	EMSL
emsl:705931	Environmental Molecular Sciences Lab	EMSL
emsl:705932	Environmental Molecular Sciences Lab	EMSL
emsl:705933	Environmental Molecular Sciences Lab	EMSL
emsl:705934	Environmental Molecular Sciences Lab	EMSL
emsl:705935	Environmental Molecular Sciences Lab	EMSL
emsl:705936	Environmental Molecular Sciences Lab	EMSL
emsl:713140	Environmental Molecular Sciences Lab	EMSL
emsl:713141	Environmental Molecular Sciences Lab	EMSL
emsl:713142	Environmental Molecular Sciences Lab	EMSL
emsl:713143	Environmental Molecular Sciences Lab	EMSL
emsl:713144	Environmental Molecular Sciences Lab	EMSL
emsl:713145	Environmental Molecular Sciences Lab	EMSL
emsl:713148	Environmental Molecular Sciences Lab	EMSL
emsl:713149	Environmental Molecular Sciences Lab	EMSL
emsl:713150	Environmental Molecular Sciences Lab	EMSL
emsl:713153	Environmental Molecular Sciences Lab	EMSL
emsl:713154	Environmental Molecular Sciences Lab	EMSL
emsl:713155	Environmental Molecular Sciences Lab	EMSL
emsl:713579	Environmental Molecular Sciences Lab	EMSL
emsl:713580	Environmental Molecular Sciences Lab	EMSL
emsl:713581	Environmental Molecular Sciences Lab	EMSL
emsl:713582	Environmental Molecular Sciences Lab	EMSL
emsl:713583	Environmental Molecular Sciences Lab	EMSL
emsl:713584	Environmental Molecular Sciences Lab	EMSL
emsl:713585	Environmental Molecular Sciences Lab	EMSL
emsl:713586	Environmental Molecular Sciences Lab	EMSL
emsl:713588	Environmental Molecular Sciences Lab	EMSL
emsl:713589	Environmental Molecular Sciences Lab	EMSL
emsl:713590	Environmental Molecular Sciences Lab	EMSL
emsl:713591	Environmental Molecular Sciences Lab	EMSL
emsl:713592	Environmental Molecular Sciences Lab	EMSL
emsl:713593	Environmental Molecular Sciences Lab	EMSL
emsl:713594	Environmental Molecular Sciences Lab	EMSL
emsl:713595	Environmental Molecular Sciences Lab	EMSL
emsl:713597	Environmental Molecular Sciences Lab	EMSL
emsl:713598	Environmental Molecular Sciences Lab	EMSL
emsl:713599	Environmental Molecular Sciences Lab	EMSL
emsl:713600	Environmental Molecular Sciences Lab	EMSL
emsl:713601	Environmental Molecular Sciences Lab	EMSL
emsl:713602	Environmental Molecular Sciences Lab	EMSL
emsl:713603	Environmental Molecular Sciences Lab	EMSL
emsl:713604	Environmental Molecular Sciences Lab	EMSL
emsl:715124	Environmental Molecular Sciences Lab	EMSL
emsl:715125	Environmental Molecular Sciences Lab	EMSL
emsl:715126	Environmental Molecular Sciences Lab	EMSL
emsl:715127	Environmental Molecular Sciences Lab	EMSL
emsl:715128	Environmental Molecular Sciences Lab	EMSL
emsl:715129	Environmental Molecular Sciences Lab	EMSL
emsl:715130	Environmental Molecular Sciences Lab	EMSL
emsl:715131	Environmental Molecular Sciences Lab	EMSL
emsl:715134	Environmental Molecular Sciences Lab	EMSL
emsl:715135	Environmental Molecular Sciences Lab	EMSL
emsl:715136	Environmental Molecular Sciences Lab	EMSL
emsl:715137	Environmental Molecular Sciences Lab	EMSL
emsl:715138	Environmental Molecular Sciences Lab	EMSL
emsl:715139	Environmental Molecular Sciences Lab	EMSL
emsl:715140	Environmental Molecular Sciences Lab	EMSL
emsl:715141	Environmental Molecular Sciences Lab	EMSL
emsl:715142	Environmental Molecular Sciences Lab	EMSL
emsl:715143	Environmental Molecular Sciences Lab	EMSL
emsl:715145	Environmental Molecular Sciences Lab	EMSL
emsl:715146	Environmental Molecular Sciences Lab	EMSL
emsl:715305	Environmental Molecular Sciences Lab	EMSL
emsl:715306	Environmental Molecular Sciences Lab	EMSL
emsl:715307	Environmental Molecular Sciences Lab	EMSL
emsl:715308	Environmental Molecular Sciences Lab	EMSL
emsl:715309	Environmental Molecular Sciences Lab	EMSL
emsl:715310	Environmental Molecular Sciences Lab	EMSL
emsl:715311	Environmental Molecular Sciences Lab	EMSL
emsl:715312	Environmental Molecular Sciences Lab	EMSL
emsl:715313	Environmental Molecular Sciences Lab	EMSL
emsl:715314	Environmental Molecular Sciences Lab	EMSL
emsl:715315	Environmental Molecular Sciences Lab	EMSL
emsl:715316	Environmental Molecular Sciences Lab	EMSL
emsl:715317	Environmental Molecular Sciences Lab	EMSL
emsl:715318	Environmental Molecular Sciences Lab	EMSL
emsl:715319	Environmental Molecular Sciences Lab	EMSL
emsl:715320	Environmental Molecular Sciences Lab	EMSL
emsl:717355	Environmental Molecular Sciences Lab	EMSL
emsl:717356	Environmental Molecular Sciences Lab	EMSL
emsl:717357	Environmental Molecular Sciences Lab	EMSL
emsl:717358	Environmental Molecular Sciences Lab	EMSL
emsl:717359	Environmental Molecular Sciences Lab	EMSL
emsl:717360	Environmental Molecular Sciences Lab	EMSL
emsl:717361	Environmental Molecular Sciences Lab	EMSL
emsl:717362	Environmental Molecular Sciences Lab	EMSL
emsl:717363	Environmental Molecular Sciences Lab	EMSL
emsl:717364	Environmental Molecular Sciences Lab	EMSL
emsl:717365	Environmental Molecular Sciences Lab	EMSL
emsl:717366	Environmental Molecular Sciences Lab	EMSL
emsl:717367	Environmental Molecular Sciences Lab	EMSL
emsl:717368	Environmental Molecular Sciences Lab	EMSL
emsl:717369	Environmental Molecular Sciences Lab	EMSL
emsl:717370	Environmental Molecular Sciences Lab	EMSL
emsl:723571	Environmental Molecular Sciences Lab	EMSL
emsl:723572	Environmental Molecular Sciences Lab	EMSL
emsl:723574	Environmental Molecular Sciences Lab	EMSL
emsl:723575	Environmental Molecular Sciences Lab	EMSL
emsl:723577	Environmental Molecular Sciences Lab	EMSL
emsl:723578	Environmental Molecular Sciences Lab	EMSL
emsl:723579	Environmental Molecular Sciences Lab	EMSL
emsl:723580	Environmental Molecular Sciences Lab	EMSL
emsl:723581	Environmental Molecular Sciences Lab	EMSL
emsl:723583	Environmental Molecular Sciences Lab	EMSL
emsl:723584	Environmental Molecular Sciences Lab	EMSL
emsl:723588	Environmental Molecular Sciences Lab	EMSL
emsl:723589	Environmental Molecular Sciences Lab	EMSL
emsl:723591	Environmental Molecular Sciences Lab	EMSL
emsl:723592	Environmental Molecular Sciences Lab	EMSL
emsl:723593	Environmental Molecular Sciences Lab	EMSL
emsl:723595	Environmental Molecular Sciences Lab	EMSL
emsl:723597	Environmental Molecular Sciences Lab	EMSL
emsl:723598	Environmental Molecular Sciences Lab	EMSL
emsl:723599	Environmental Molecular Sciences Lab	EMSL
emsl:723600	Environmental Molecular Sciences Lab	EMSL
emsl:723601	Environmental Molecular Sciences Lab	EMSL
emsl:723602	Environmental Molecular Sciences Lab	EMSL
emsl:723603	Environmental Molecular Sciences Lab	EMSL
emsl:723609	Environmental Molecular Sciences Lab	EMSL
emsl:723610	Environmental Molecular Sciences Lab	EMSL
emsl:723612	Environmental Molecular Sciences Lab	EMSL
emsl:723613	Environmental Molecular Sciences Lab	EMSL
emsl:723614	Environmental Molecular Sciences Lab	EMSL
emsl:723615	Environmental Molecular Sciences Lab	EMSL
emsl:723617	Environmental Molecular Sciences Lab	EMSL
emsl:723618	Environmental Molecular Sciences Lab	EMSL
emsl:723621	Environmental Molecular Sciences Lab	EMSL
emsl:723622	Environmental Molecular Sciences Lab	EMSL
emsl:723625	Environmental Molecular Sciences Lab	EMSL
emsl:723626	Environmental Molecular Sciences Lab	EMSL
emsl:723628	Environmental Molecular Sciences Lab	EMSL
emsl:723629	Environmental Molecular Sciences Lab	EMSL
emsl:723630	Environmental Molecular Sciences Lab	EMSL
emsl:723632	Environmental Molecular Sciences Lab	EMSL
emsl:723633	Environmental Molecular Sciences Lab	EMSL
emsl:723634	Environmental Molecular Sciences Lab	EMSL
emsl:723635	Environmental Molecular Sciences Lab	EMSL
emsl:723636	Environmental Molecular Sciences Lab	EMSL
emsl:723637	Environmental Molecular Sciences Lab	EMSL
emsl:723638	Environmental Molecular Sciences Lab	EMSL
emsl:723639	Environmental Molecular Sciences Lab	EMSL
emsl:723640	Environmental Molecular Sciences Lab	EMSL
emsl:723641	Environmental Molecular Sciences Lab	EMSL
emsl:723642	Environmental Molecular Sciences Lab	EMSL
emsl:723643	Environmental Molecular Sciences Lab	EMSL
emsl:723644	Environmental Molecular Sciences Lab	EMSL
emsl:723645	Environmental Molecular Sciences Lab	EMSL
emsl:723646	Environmental Molecular Sciences Lab	EMSL
emsl:723647	Environmental Molecular Sciences Lab	EMSL
emsl:723648	Environmental Molecular Sciences Lab	EMSL
emsl:723649	Environmental Molecular Sciences Lab	EMSL
emsl:723650	Environmental Molecular Sciences Lab	EMSL
emsl:723651	Environmental Molecular Sciences Lab	EMSL
emsl:724053	Environmental Molecular Sciences Lab	EMSL
emsl:724054	Environmental Molecular Sciences Lab	EMSL
emsl:724055	Environmental Molecular Sciences Lab	EMSL
emsl:724056	Environmental Molecular Sciences Lab	EMSL
emsl:724057	Environmental Molecular Sciences Lab	EMSL
emsl:724058	Environmental Molecular Sciences Lab	EMSL
emsl:724059	Environmental Molecular Sciences Lab	EMSL
emsl:724060	Environmental Molecular Sciences Lab	EMSL
emsl:724061	Environmental Molecular Sciences Lab	EMSL
emsl:724063	Environmental Molecular Sciences Lab	EMSL
emsl:724064	Environmental Molecular Sciences Lab	EMSL
emsl:724065	Environmental Molecular Sciences Lab	EMSL
emsl:724066	Environmental Molecular Sciences Lab	EMSL
emsl:724067	Environmental Molecular Sciences Lab	EMSL
emsl:724068	Environmental Molecular Sciences Lab	EMSL
emsl:724069	Environmental Molecular Sciences Lab	EMSL
emsl:724070	Environmental Molecular Sciences Lab	EMSL
emsl:724071	Environmental Molecular Sciences Lab	EMSL
emsl:724074	Environmental Molecular Sciences Lab	EMSL
emsl:724075	Environmental Molecular Sciences Lab	EMSL
emsl:724077	Environmental Molecular Sciences Lab	EMSL
emsl:724078	Environmental Molecular Sciences Lab	EMSL
emsl:724079	Environmental Molecular Sciences Lab	EMSL
emsl:724080	Environmental Molecular Sciences Lab	EMSL
emsl:724081	Environmental Molecular Sciences Lab	EMSL
emsl:724082	Environmental Molecular Sciences Lab	EMSL
emsl:724083	Environmental Molecular Sciences Lab	EMSL
emsl:724084	Environmental Molecular Sciences Lab	EMSL
emsl:724085	Environmental Molecular Sciences Lab	EMSL
emsl:724086	Environmental Molecular Sciences Lab	EMSL
emsl:724087	Environmental Molecular Sciences Lab	EMSL
emsl:724088	Environmental Molecular Sciences Lab	EMSL
emsl:724089	Environmental Molecular Sciences Lab	EMSL
emsl:724090	Environmental Molecular Sciences Lab	EMSL
emsl:724091	Environmental Molecular Sciences Lab	EMSL
emsl:724092	Environmental Molecular Sciences Lab	EMSL
emsl:724093	Environmental Molecular Sciences Lab	EMSL
emsl:724094	Environmental Molecular Sciences Lab	EMSL
emsl:724095	Environmental Molecular Sciences Lab	EMSL
emsl:724096	Environmental Molecular Sciences Lab	EMSL
emsl:724097	Environmental Molecular Sciences Lab	EMSL
emsl:724098	Environmental Molecular Sciences Lab	EMSL
emsl:724405	Environmental Molecular Sciences Lab	EMSL
emsl:724406	Environmental Molecular Sciences Lab	EMSL
emsl:724407	Environmental Molecular Sciences Lab	EMSL
emsl:724408	Environmental Molecular Sciences Lab	EMSL
emsl:724409	Environmental Molecular Sciences Lab	EMSL
emsl:724410	Environmental Molecular Sciences Lab	EMSL
emsl:724411	Environmental Molecular Sciences Lab	EMSL
emsl:724412	Environmental Molecular Sciences Lab	EMSL
emsl:724413	Environmental Molecular Sciences Lab	EMSL
emsl:724414	Environmental Molecular Sciences Lab	EMSL
emsl:724415	Environmental Molecular Sciences Lab	EMSL
emsl:724416	Environmental Molecular Sciences Lab	EMSL
emsl:724417	Environmental Molecular Sciences Lab	EMSL
emsl:724418	Environmental Molecular Sciences Lab	EMSL
emsl:724419	Environmental Molecular Sciences Lab	EMSL
emsl:724420	Environmental Molecular Sciences Lab	EMSL
emsl:724421	Environmental Molecular Sciences Lab	EMSL
emsl:724422	Environmental Molecular Sciences Lab	EMSL
emsl:724423	Environmental Molecular Sciences Lab	EMSL
emsl:724424	Environmental Molecular Sciences Lab	EMSL
emsl:724427	Environmental Molecular Sciences Lab	EMSL
emsl:724428	Environmental Molecular Sciences Lab	EMSL
emsl:724429	Environmental Molecular Sciences Lab	EMSL
emsl:724430	Environmental Molecular Sciences Lab	EMSL
emsl:724431	Environmental Molecular Sciences Lab	EMSL
emsl:724432	Environmental Molecular Sciences Lab	EMSL
emsl:724433	Environmental Molecular Sciences Lab	EMSL
emsl:724434	Environmental Molecular Sciences Lab	EMSL
emsl:724435	Environmental Molecular Sciences Lab	EMSL
emsl:724436	Environmental Molecular Sciences Lab	EMSL
emsl:724437	Environmental Molecular Sciences Lab	EMSL
emsl:724438	Environmental Molecular Sciences Lab	EMSL
emsl:731077	Environmental Molecular Sciences Lab	EMSL
emsl:731078	Environmental Molecular Sciences Lab	EMSL
emsl:731079	Environmental Molecular Sciences Lab	EMSL
emsl:731080	Environmental Molecular Sciences Lab	EMSL
emsl:738612	Environmental Molecular Sciences Lab	EMSL
emsl:738613	Environmental Molecular Sciences Lab	EMSL
emsl:738614	Environmental Molecular Sciences Lab	EMSL
emsl:738615	Environmental Molecular Sciences Lab	EMSL
emsl:738616	Environmental Molecular Sciences Lab	EMSL
emsl:738617	Environmental Molecular Sciences Lab	EMSL
emsl:738618	Environmental Molecular Sciences Lab	EMSL
emsl:738619	Environmental Molecular Sciences Lab	EMSL
emsl:738620	Environmental Molecular Sciences Lab	EMSL
emsl:738621	Environmental Molecular Sciences Lab	EMSL
emsl:738622	Environmental Molecular Sciences Lab	EMSL
emsl:738623	Environmental Molecular Sciences Lab	EMSL
emsl:738624	Environmental Molecular Sciences Lab	EMSL
emsl:738625	Environmental Molecular Sciences Lab	EMSL
emsl:738626	Environmental Molecular Sciences Lab	EMSL
emsl:738627	Environmental Molecular Sciences Lab	EMSL
emsl:738628	Environmental Molecular Sciences Lab	EMSL
emsl:738630	Environmental Molecular Sciences Lab	EMSL
emsl:738631	Environmental Molecular Sciences Lab	EMSL
emsl:738632	Environmental Molecular Sciences Lab	EMSL
emsl:738633	Environmental Molecular Sciences Lab	EMSL
emsl:738636	Environmental Molecular Sciences Lab	EMSL
emsl:738637	Environmental Molecular Sciences Lab	EMSL
emsl:738638	Environmental Molecular Sciences Lab	EMSL
emsl:738640	Environmental Molecular Sciences Lab	EMSL
emsl:738641	Environmental Molecular Sciences Lab	EMSL
emsl:738642	Environmental Molecular Sciences Lab	EMSL
emsl:738643	Environmental Molecular Sciences Lab	EMSL
emsl:738644	Environmental Molecular Sciences Lab	EMSL
emsl:738645	Environmental Molecular Sciences Lab	EMSL
emsl:738646	Environmental Molecular Sciences Lab	EMSL
emsl:738647	Environmental Molecular Sciences Lab	EMSL
emsl:738648	Environmental Molecular Sciences Lab	EMSL
emsl:738649	Environmental Molecular Sciences Lab	EMSL
emsl:738650	Environmental Molecular Sciences Lab	EMSL
emsl:738651	Environmental Molecular Sciences Lab	EMSL
emsl:738652	Environmental Molecular Sciences Lab	EMSL
emsl:738653	Environmental Molecular Sciences Lab	EMSL
emsl:738655	Environmental Molecular Sciences Lab	EMSL
emsl:738656	Environmental Molecular Sciences Lab	EMSL
emsl:738657	Environmental Molecular Sciences Lab	EMSL
emsl:738658	Environmental Molecular Sciences Lab	EMSL
emsl:738659	Environmental Molecular Sciences Lab	EMSL
emsl:738660	Environmental Molecular Sciences Lab	EMSL
emsl:738661	Environmental Molecular Sciences Lab	EMSL
emsl:738662	Environmental Molecular Sciences Lab	EMSL
emsl:738668	Environmental Molecular Sciences Lab	EMSL
emsl:738669	Environmental Molecular Sciences Lab	EMSL
emsl:738671	Environmental Molecular Sciences Lab	EMSL
emsl:738672	Environmental Molecular Sciences Lab	EMSL
emsl:738673	Environmental Molecular Sciences Lab	EMSL
emsl:738674	Environmental Molecular Sciences Lab	EMSL
emsl:738675	Environmental Molecular Sciences Lab	EMSL
emsl:738676	Environmental Molecular Sciences Lab	EMSL
emsl:738677	Environmental Molecular Sciences Lab	EMSL
emsl:738678	Environmental Molecular Sciences Lab	EMSL
emsl:738679	Environmental Molecular Sciences Lab	EMSL
emsl:738680	Environmental Molecular Sciences Lab	EMSL
emsl:738682	Environmental Molecular Sciences Lab	EMSL
emsl:738683	Environmental Molecular Sciences Lab	EMSL
emsl:738684	Environmental Molecular Sciences Lab	EMSL
emsl:738685	Environmental Molecular Sciences Lab	EMSL
emsl:738686	Environmental Molecular Sciences Lab	EMSL
emsl:738687	Environmental Molecular Sciences Lab	EMSL
emsl:738688	Environmental Molecular Sciences Lab	EMSL
emsl:738689	Environmental Molecular Sciences Lab	EMSL
emsl:738690	Environmental Molecular Sciences Lab	EMSL
emsl:738691	Environmental Molecular Sciences Lab	EMSL
emsl:738692	Environmental Molecular Sciences Lab	EMSL
emsl:738693	Environmental Molecular Sciences Lab	EMSL
emsl:738694	Environmental Molecular Sciences Lab	EMSL
emsl:738695	Environmental Molecular Sciences Lab	EMSL
emsl:738696	Environmental Molecular Sciences Lab	EMSL
emsl:738697	Environmental Molecular Sciences Lab	EMSL
emsl:738698	Environmental Molecular Sciences Lab	EMSL
emsl:738699	Environmental Molecular Sciences Lab	EMSL
emsl:738700	Environmental Molecular Sciences Lab	EMSL
emsl:738701	Environmental Molecular Sciences Lab	EMSL
emsl:738702	Environmental Molecular Sciences Lab	EMSL
emsl:738704	Environmental Molecular Sciences Lab	EMSL
emsl:738705	Environmental Molecular Sciences Lab	EMSL
emsl:738706	Environmental Molecular Sciences Lab	EMSL
emsl:738720	Environmental Molecular Sciences Lab	EMSL
emsl:738721	Environmental Molecular Sciences Lab	EMSL
emsl:738722	Environmental Molecular Sciences Lab	EMSL
emsl:738723	Environmental Molecular Sciences Lab	EMSL
emsl:738724	Environmental Molecular Sciences Lab	EMSL
emsl:738725	Environmental Molecular Sciences Lab	EMSL
emsl:738726	Environmental Molecular Sciences Lab	EMSL
emsl:738727	Environmental Molecular Sciences Lab	EMSL
emsl:738728	Environmental Molecular Sciences Lab	EMSL
emsl:738729	Environmental Molecular Sciences Lab	EMSL
emsl:738735	Environmental Molecular Sciences Lab	EMSL
emsl:738737	Environmental Molecular Sciences Lab	EMSL
emsl:738738	Environmental Molecular Sciences Lab	EMSL
emsl:738739	Environmental Molecular Sciences Lab	EMSL
emsl:738740	Environmental Molecular Sciences Lab	EMSL
emsl:738743	Environmental Molecular Sciences Lab	EMSL
emsl:738744	Environmental Molecular Sciences Lab	EMSL
emsl:738745	Environmental Molecular Sciences Lab	EMSL
emsl:738746	Environmental Molecular Sciences Lab	EMSL
emsl:738747	Environmental Molecular Sciences Lab	EMSL
emsl:738748	Environmental Molecular Sciences Lab	EMSL
emsl:738749	Environmental Molecular Sciences Lab	EMSL
emsl:738750	Environmental Molecular Sciences Lab	EMSL
emsl:738751	Environmental Molecular Sciences Lab	EMSL
emsl:738752	Environmental Molecular Sciences Lab	EMSL
emsl:738753	Environmental Molecular Sciences Lab	EMSL
emsl:738754	Environmental Molecular Sciences Lab	EMSL
emsl:738755	Environmental Molecular Sciences Lab	EMSL
emsl:738756	Environmental Molecular Sciences Lab	EMSL
emsl:738757	Environmental Molecular Sciences Lab	EMSL
emsl:738758	Environmental Molecular Sciences Lab	EMSL
emsl:738759	Environmental Molecular Sciences Lab	EMSL
emsl:738760	Environmental Molecular Sciences Lab	EMSL
emsl:738761	Environmental Molecular Sciences Lab	EMSL
emsl:738762	Environmental Molecular Sciences Lab	EMSL
emsl:738763	Environmental Molecular Sciences Lab	EMSL
emsl:738764	Environmental Molecular Sciences Lab	EMSL
emsl:738765	Environmental Molecular Sciences Lab	EMSL
emsl:738766	Environmental Molecular Sciences Lab	EMSL
emsl:738767	Environmental Molecular Sciences Lab	EMSL
emsl:738768	Environmental Molecular Sciences Lab	EMSL
emsl:738769	Environmental Molecular Sciences Lab	EMSL
emsl:738770	Environmental Molecular Sciences Lab	EMSL
emsl:738771	Environmental Molecular Sciences Lab	EMSL
emsl:738772	Environmental Molecular Sciences Lab	EMSL
emsl:738773	Environmental Molecular Sciences Lab	EMSL
emsl:738774	Environmental Molecular Sciences Lab	EMSL
emsl:738775	Environmental Molecular Sciences Lab	EMSL
emsl:738776	Environmental Molecular Sciences Lab	EMSL
emsl:738777	Environmental Molecular Sciences Lab	EMSL
emsl:738778	Environmental Molecular Sciences Lab	EMSL
emsl:738779	Environmental Molecular Sciences Lab	EMSL
emsl:738780	Environmental Molecular Sciences Lab	EMSL
emsl:738781	Environmental Molecular Sciences Lab	EMSL
emsl:738782	Environmental Molecular Sciences Lab	EMSL
emsl:738783	Environmental Molecular Sciences Lab	EMSL
emsl:738784	Environmental Molecular Sciences Lab	EMSL
emsl:738785	Environmental Molecular Sciences Lab	EMSL
emsl:738786	Environmental Molecular Sciences Lab	EMSL
emsl:738787	Environmental Molecular Sciences Lab	EMSL
emsl:738788	Environmental Molecular Sciences Lab	EMSL
emsl:738791	Environmental Molecular Sciences Lab	EMSL
emsl:738792	Environmental Molecular Sciences Lab	EMSL
emsl:738793	Environmental Molecular Sciences Lab	EMSL
emsl:738794	Environmental Molecular Sciences Lab	EMSL
emsl:738795	Environmental Molecular Sciences Lab	EMSL
emsl:738796	Environmental Molecular Sciences Lab	EMSL
emsl:738797	Environmental Molecular Sciences Lab	EMSL
emsl:738798	Environmental Molecular Sciences Lab	EMSL
emsl:738799	Environmental Molecular Sciences Lab	EMSL
emsl:738800	Environmental Molecular Sciences Lab	EMSL
emsl:738802	Environmental Molecular Sciences Lab	EMSL
emsl:738803	Environmental Molecular Sciences Lab	EMSL
emsl:738804	Environmental Molecular Sciences Lab	EMSL
emsl:738805	Environmental Molecular Sciences Lab	EMSL
emsl:738806	Environmental Molecular Sciences Lab	EMSL
emsl:738808	Environmental Molecular Sciences Lab	EMSL
emsl:738809	Environmental Molecular Sciences Lab	EMSL
emsl:738810	Environmental Molecular Sciences Lab	EMSL
emsl:738811	Environmental Molecular Sciences Lab	EMSL
emsl:738814	Environmental Molecular Sciences Lab	EMSL
emsl:738815	Environmental Molecular Sciences Lab	EMSL
emsl:738816	Environmental Molecular Sciences Lab	EMSL
emsl:738817	Environmental Molecular Sciences Lab	EMSL
emsl:738818	Environmental Molecular Sciences Lab	EMSL
emsl:738819	Environmental Molecular Sciences Lab	EMSL
emsl:738820	Environmental Molecular Sciences Lab	EMSL
emsl:738821	Environmental Molecular Sciences Lab	EMSL
emsl:738822	Environmental Molecular Sciences Lab	EMSL
emsl:738824	Environmental Molecular Sciences Lab	EMSL
emsl:738825	Environmental Molecular Sciences Lab	EMSL
emsl:738826	Environmental Molecular Sciences Lab	EMSL
emsl:738827	Environmental Molecular Sciences Lab	EMSL
emsl:738829	Environmental Molecular Sciences Lab	EMSL
emsl:738831	Environmental Molecular Sciences Lab	EMSL
emsl:738832	Environmental Molecular Sciences Lab	EMSL
emsl:738833	Environmental Molecular Sciences Lab	EMSL
emsl:738834	Environmental Molecular Sciences Lab	EMSL
emsl:738836	Environmental Molecular Sciences Lab	EMSL
emsl:738837	Environmental Molecular Sciences Lab	EMSL
emsl:738838	Environmental Molecular Sciences Lab	EMSL
emsl:738839	Environmental Molecular Sciences Lab	EMSL
emsl:738840	Environmental Molecular Sciences Lab	EMSL
emsl:738841	Environmental Molecular Sciences Lab	EMSL
emsl:738843	Environmental Molecular Sciences Lab	EMSL
emsl:738844	Environmental Molecular Sciences Lab	EMSL
emsl:738845	Environmental Molecular Sciences Lab	EMSL
emsl:738846	Environmental Molecular Sciences Lab	EMSL
emsl:738847	Environmental Molecular Sciences Lab	EMSL
emsl:738849	Environmental Molecular Sciences Lab	EMSL
emsl:738850	Environmental Molecular Sciences Lab	EMSL
emsl:738851	Environmental Molecular Sciences Lab	EMSL
emsl:738852	Environmental Molecular Sciences Lab	EMSL
emsl:738853	Environmental Molecular Sciences Lab	EMSL
emsl:738855	Environmental Molecular Sciences Lab	EMSL
emsl:738856	Environmental Molecular Sciences Lab	EMSL
emsl:738857	Environmental Molecular Sciences Lab	EMSL
emsl:738861	Environmental Molecular Sciences Lab	EMSL
emsl:738862	Environmental Molecular Sciences Lab	EMSL
emsl:738863	Environmental Molecular Sciences Lab	EMSL
emsl:738864	Environmental Molecular Sciences Lab	EMSL
emsl:738865	Environmental Molecular Sciences Lab	EMSL
emsl:738867	Environmental Molecular Sciences Lab	EMSL
emsl:738869	Environmental Molecular Sciences Lab	EMSL
emsl:738870	Environmental Molecular Sciences Lab	EMSL
emsl:738871	Environmental Molecular Sciences Lab	EMSL
emsl:739456	Environmental Molecular Sciences Lab	EMSL
emsl:739457	Environmental Molecular Sciences Lab	EMSL
emsl:739458	Environmental Molecular Sciences Lab	EMSL
emsl:739459	Environmental Molecular Sciences Lab	EMSL
emsl:739460	Environmental Molecular Sciences Lab	EMSL
emsl:739461	Environmental Molecular Sciences Lab	EMSL
emsl:739462	Environmental Molecular Sciences Lab	EMSL
emsl:739463	Environmental Molecular Sciences Lab	EMSL
emsl:739465	Environmental Molecular Sciences Lab	EMSL
emsl:739466	Environmental Molecular Sciences Lab	EMSL
emsl:739467	Environmental Molecular Sciences Lab	EMSL
emsl:739468	Environmental Molecular Sciences Lab	EMSL
emsl:739469	Environmental Molecular Sciences Lab	EMSL
emsl:739471	Environmental Molecular Sciences Lab	EMSL
emsl:739472	Environmental Molecular Sciences Lab	EMSL
emsl:739474	Environmental Molecular Sciences Lab	EMSL
emsl:739475	Environmental Molecular Sciences Lab	EMSL
emsl:739476	Environmental Molecular Sciences Lab	EMSL
emsl:739477	Environmental Molecular Sciences Lab	EMSL
emsl:739478	Environmental Molecular Sciences Lab	EMSL
emsl:739479	Environmental Molecular Sciences Lab	EMSL
emsl:739480	Environmental Molecular Sciences Lab	EMSL
emsl:739481	Environmental Molecular Sciences Lab	EMSL
emsl:739482	Environmental Molecular Sciences Lab	EMSL
emsl:739483	Environmental Molecular Sciences Lab	EMSL
emsl:739484	Environmental Molecular Sciences Lab	EMSL
emsl:739485	Environmental Molecular Sciences Lab	EMSL
emsl:739486	Environmental Molecular Sciences Lab	EMSL
emsl:739487	Environmental Molecular Sciences Lab	EMSL
emsl:739488	Environmental Molecular Sciences Lab	EMSL
emsl:739489	Environmental Molecular Sciences Lab	EMSL
emsl:743556	Environmental Molecular Sciences Lab	EMSL
emsl:743557	Environmental Molecular Sciences Lab	EMSL
emsl:743558	Environmental Molecular Sciences Lab	EMSL
emsl:743559	Environmental Molecular Sciences Lab	EMSL
emsl:743560	Environmental Molecular Sciences Lab	EMSL
emsl:743561	Environmental Molecular Sciences Lab	EMSL
emsl:743562	Environmental Molecular Sciences Lab	EMSL
emsl:743563	Environmental Molecular Sciences Lab	EMSL
emsl:743564	Environmental Molecular Sciences Lab	EMSL
emsl:743566	Environmental Molecular Sciences Lab	EMSL
emsl:743567	Environmental Molecular Sciences Lab	EMSL
emsl:743568	Environmental Molecular Sciences Lab	EMSL
emsl:743569	Environmental Molecular Sciences Lab	EMSL
emsl:743570	Environmental Molecular Sciences Lab	EMSL
emsl:743571	Environmental Molecular Sciences Lab	EMSL
emsl:743572	Environmental Molecular Sciences Lab	EMSL
emsl:743575	Environmental Molecular Sciences Lab	EMSL
emsl:743576	Environmental Molecular Sciences Lab	EMSL
emsl:743578	Environmental Molecular Sciences Lab	EMSL
emsl:743579	Environmental Molecular Sciences Lab	EMSL
emsl:743580	Environmental Molecular Sciences Lab	EMSL
emsl:743581	Environmental Molecular Sciences Lab	EMSL
emsl:743582	Environmental Molecular Sciences Lab	EMSL
emsl:743583	Environmental Molecular Sciences Lab	EMSL
emsl:743584	Environmental Molecular Sciences Lab	EMSL
emsl:743585	Environmental Molecular Sciences Lab	EMSL
emsl:743586	Environmental Molecular Sciences Lab	EMSL
emsl:743587	Environmental Molecular Sciences Lab	EMSL
emsl:743588	Environmental Molecular Sciences Lab	EMSL
emsl:743589	Environmental Molecular Sciences Lab	EMSL
emsl:743590	Environmental Molecular Sciences Lab	EMSL
emsl:743591	Environmental Molecular Sciences Lab	EMSL
emsl:743592	Environmental Molecular Sciences Lab	EMSL
emsl:743593	Environmental Molecular Sciences Lab	EMSL
emsl:743594	Environmental Molecular Sciences Lab	EMSL
emsl:743595	Environmental Molecular Sciences Lab	EMSL
emsl:743596	Environmental Molecular Sciences Lab	EMSL
emsl:743597	Environmental Molecular Sciences Lab	EMSL
emsl:743598	Environmental Molecular Sciences Lab	EMSL
emsl:743599	Environmental Molecular Sciences Lab	EMSL
emsl:743600	Environmental Molecular Sciences Lab	EMSL
emsl:743601	Environmental Molecular Sciences Lab	EMSL
emsl:747938	Environmental Molecular Sciences Lab	EMSL
emsl:747939	Environmental Molecular Sciences Lab	EMSL
emsl:747940	Environmental Molecular Sciences Lab	EMSL
emsl:747941	Environmental Molecular Sciences Lab	EMSL
emsl:747942	Environmental Molecular Sciences Lab	EMSL
emsl:747945	Environmental Molecular Sciences Lab	EMSL
emsl:747946	Environmental Molecular Sciences Lab	EMSL
emsl:747947	Environmental Molecular Sciences Lab	EMSL
emsl:747948	Environmental Molecular Sciences Lab	EMSL
emsl:747949	Environmental Molecular Sciences Lab	EMSL
emsl:747950	Environmental Molecular Sciences Lab	EMSL
emsl:747951	Environmental Molecular Sciences Lab	EMSL
emsl:747952	Environmental Molecular Sciences Lab	EMSL
emsl:747953	Environmental Molecular Sciences Lab	EMSL
emsl:747954	Environmental Molecular Sciences Lab	EMSL
emsl:747955	Environmental Molecular Sciences Lab	EMSL
emsl:747956	Environmental Molecular Sciences Lab	EMSL
emsl:747957	Environmental Molecular Sciences Lab	EMSL
emsl:747958	Environmental Molecular Sciences Lab	EMSL
emsl:747959	Environmental Molecular Sciences Lab	EMSL
emsl:747960	Environmental Molecular Sciences Lab	EMSL
emsl:747961	Environmental Molecular Sciences Lab	EMSL
emsl:747962	Environmental Molecular Sciences Lab	EMSL
emsl:747963	Environmental Molecular Sciences Lab	EMSL
emsl:747964	Environmental Molecular Sciences Lab	EMSL
emsl:747965	Environmental Molecular Sciences Lab	EMSL
emsl:747967	Environmental Molecular Sciences Lab	EMSL
emsl:747968	Environmental Molecular Sciences Lab	EMSL
emsl:747970	Environmental Molecular Sciences Lab	EMSL
emsl:747973	Environmental Molecular Sciences Lab	EMSL
emsl:747974	Environmental Molecular Sciences Lab	EMSL
emsl:747975	Environmental Molecular Sciences Lab	EMSL
emsl:747976	Environmental Molecular Sciences Lab	EMSL
emsl:747977	Environmental Molecular Sciences Lab	EMSL
emsl:747978	Environmental Molecular Sciences Lab	EMSL
emsl:747981	Environmental Molecular Sciences Lab	EMSL
emsl:747982	Environmental Molecular Sciences Lab	EMSL
emsl:747983	Environmental Molecular Sciences Lab	EMSL
emsl:747985	Environmental Molecular Sciences Lab	EMSL
emsl:747986	Environmental Molecular Sciences Lab	EMSL
emsl:747987	Environmental Molecular Sciences Lab	EMSL
emsl:747988	Environmental Molecular Sciences Lab	EMSL
emsl:747989	Environmental Molecular Sciences Lab	EMSL
emsl:747990	Environmental Molecular Sciences Lab	EMSL
emsl:747996	Environmental Molecular Sciences Lab	EMSL
emsl:747997	Environmental Molecular Sciences Lab	EMSL
emsl:747998	Environmental Molecular Sciences Lab	EMSL
emsl:747999	Environmental Molecular Sciences Lab	EMSL
emsl:748000	Environmental Molecular Sciences Lab	EMSL
emsl:748001	Environmental Molecular Sciences Lab	EMSL
emsl:748002	Environmental Molecular Sciences Lab	EMSL
emsl:748004	Environmental Molecular Sciences Lab	EMSL
emsl:748005	Environmental Molecular Sciences Lab	EMSL
emsl:748006	Environmental Molecular Sciences Lab	EMSL
emsl:748007	Environmental Molecular Sciences Lab	EMSL
emsl:748009	Environmental Molecular Sciences Lab	EMSL
emsl:748010	Environmental Molecular Sciences Lab	EMSL
emsl:748012	Environmental Molecular Sciences Lab	EMSL
emsl:748013	Environmental Molecular Sciences Lab	EMSL
emsl:748015	Environmental Molecular Sciences Lab	EMSL
emsl:748016	Environmental Molecular Sciences Lab	EMSL
emsl:748018	Environmental Molecular Sciences Lab	EMSL
emsl:748021	Environmental Molecular Sciences Lab	EMSL
emsl:748022	Environmental Molecular Sciences Lab	EMSL
emsl:748023	Environmental Molecular Sciences Lab	EMSL
emsl:748029	Environmental Molecular Sciences Lab	EMSL
emsl:748030	Environmental Molecular Sciences Lab	EMSL
emsl:748031	Environmental Molecular Sciences Lab	EMSL
emsl:748032	Environmental Molecular Sciences Lab	EMSL
emsl:748033	Environmental Molecular Sciences Lab	EMSL
emsl:748034	Environmental Molecular Sciences Lab	EMSL
emsl:748035	Environmental Molecular Sciences Lab	EMSL
emsl:748036	Environmental Molecular Sciences Lab	EMSL
emsl:748037	Environmental Molecular Sciences Lab	EMSL
emsl:748038	Environmental Molecular Sciences Lab	EMSL
emsl:749024	Environmental Molecular Sciences Lab	EMSL
emsl:749025	Environmental Molecular Sciences Lab	EMSL
emsl:749026	Environmental Molecular Sciences Lab	EMSL
emsl:749027	Environmental Molecular Sciences Lab	EMSL
emsl:749028	Environmental Molecular Sciences Lab	EMSL
emsl:749029	Environmental Molecular Sciences Lab	EMSL
emsl:749030	Environmental Molecular Sciences Lab	EMSL
emsl:749031	Environmental Molecular Sciences Lab	EMSL
emsl:749032	Environmental Molecular Sciences Lab	EMSL
emsl:749033	Environmental Molecular Sciences Lab	EMSL
emsl:749034	Environmental Molecular Sciences Lab	EMSL
emsl:749035	Environmental Molecular Sciences Lab	EMSL
emsl:749036	Environmental Molecular Sciences Lab	EMSL
emsl:749037	Environmental Molecular Sciences Lab	EMSL
emsl:749038	Environmental Molecular Sciences Lab	EMSL
emsl:749039	Environmental Molecular Sciences Lab	EMSL
emsl:749040	Environmental Molecular Sciences Lab	EMSL
emsl:749041	Environmental Molecular Sciences Lab	EMSL
emsl:749042	Environmental Molecular Sciences Lab	EMSL
emsl:749043	Environmental Molecular Sciences Lab	EMSL
emsl:749044	Environmental Molecular Sciences Lab	EMSL
emsl:749045	Environmental Molecular Sciences Lab	EMSL
emsl:749046	Environmental Molecular Sciences Lab	EMSL
emsl:749047	Environmental Molecular Sciences Lab	EMSL
emsl:749048	Environmental Molecular Sciences Lab	EMSL
emsl:749049	Environmental Molecular Sciences Lab	EMSL
emsl:769635	Environmental Molecular Sciences Lab	EMSL
emsl:769636	Environmental Molecular Sciences Lab	EMSL
emsl:769637	Environmental Molecular Sciences Lab	EMSL
emsl:769638	Environmental Molecular Sciences Lab	EMSL
emsl:769639	Environmental Molecular Sciences Lab	EMSL
emsl:769640	Environmental Molecular Sciences Lab	EMSL
emsl:769645	Environmental Molecular Sciences Lab	EMSL
emsl:769647	Environmental Molecular Sciences Lab	EMSL
emsl:769648	Environmental Molecular Sciences Lab	EMSL
emsl:769650	Environmental Molecular Sciences Lab	EMSL
emsl:769651	Environmental Molecular Sciences Lab	EMSL
emsl:769652	Environmental Molecular Sciences Lab	EMSL
emsl:769653	Environmental Molecular Sciences Lab	EMSL
emsl:769654	Environmental Molecular Sciences Lab	EMSL
emsl:769655	Environmental Molecular Sciences Lab	EMSL
emsl:769656	Environmental Molecular Sciences Lab	EMSL
emsl:769657	Environmental Molecular Sciences Lab	EMSL
emsl:769658	Environmental Molecular Sciences Lab	EMSL
emsl:769659	Environmental Molecular Sciences Lab	EMSL
emsl:769660	Environmental Molecular Sciences Lab	EMSL
emsl:769661	Environmental Molecular Sciences Lab	EMSL
emsl:769662	Environmental Molecular Sciences Lab	EMSL
emsl:769663	Environmental Molecular Sciences Lab	EMSL
emsl:769664	Environmental Molecular Sciences Lab	EMSL
emsl:769666	Environmental Molecular Sciences Lab	EMSL
emsl:769667	Environmental Molecular Sciences Lab	EMSL
emsl:769668	Environmental Molecular Sciences Lab	EMSL
emsl:769669	Environmental Molecular Sciences Lab	EMSL
emsl:769670	Environmental Molecular Sciences Lab	EMSL
emsl:769671	Environmental Molecular Sciences Lab	EMSL
emsl:769672	Environmental Molecular Sciences Lab	EMSL
emsl:769673	Environmental Molecular Sciences Lab	EMSL
emsl:769674	Environmental Molecular Sciences Lab	EMSL
emsl:769675	Environmental Molecular Sciences Lab	EMSL
emsl:769676	Environmental Molecular Sciences Lab	EMSL
emsl:769677	Environmental Molecular Sciences Lab	EMSL
emsl:769679	Environmental Molecular Sciences Lab	EMSL
emsl:769680	Environmental Molecular Sciences Lab	EMSL
emsl:769681	Environmental Molecular Sciences Lab	EMSL
emsl:769682	Environmental Molecular Sciences Lab	EMSL
emsl:769683	Environmental Molecular Sciences Lab	EMSL
emsl:769684	Environmental Molecular Sciences Lab	EMSL
emsl:769685	Environmental Molecular Sciences Lab	EMSL
emsl:769688	Environmental Molecular Sciences Lab	EMSL
emsl:769689	Environmental Molecular Sciences Lab	EMSL
emsl:769690	Environmental Molecular Sciences Lab	EMSL
emsl:769691	Environmental Molecular Sciences Lab	EMSL
emsl:769692	Environmental Molecular Sciences Lab	EMSL
emsl:769693	Environmental Molecular Sciences Lab	EMSL
emsl:769694	Environmental Molecular Sciences Lab	EMSL
emsl:769695	Environmental Molecular Sciences Lab	EMSL
emsl:769696	Environmental Molecular Sciences Lab	EMSL
emsl:769697	Environmental Molecular Sciences Lab	EMSL
emsl:769698	Environmental Molecular Sciences Lab	EMSL
emsl:769699	Environmental Molecular Sciences Lab	EMSL
emsl:769700	Environmental Molecular Sciences Lab	EMSL
emsl:769701	Environmental Molecular Sciences Lab	EMSL
emsl:769702	Environmental Molecular Sciences Lab	EMSL
emsl:769703	Environmental Molecular Sciences Lab	EMSL
emsl:769704	Environmental Molecular Sciences Lab	EMSL
emsl:769705	Environmental Molecular Sciences Lab	EMSL
emsl:769706	Environmental Molecular Sciences Lab	EMSL
emsl:769745	Environmental Molecular Sciences Lab	EMSL
emsl:769746	Environmental Molecular Sciences Lab	EMSL
emsl:769749	Environmental Molecular Sciences Lab	EMSL
emsl:769750	Environmental Molecular Sciences Lab	EMSL
emsl:769752	Environmental Molecular Sciences Lab	EMSL
emsl:769754	Environmental Molecular Sciences Lab	EMSL
emsl:769755	Environmental Molecular Sciences Lab	EMSL
emsl:769756	Environmental Molecular Sciences Lab	EMSL
emsl:769757	Environmental Molecular Sciences Lab	EMSL
emsl:769758	Environmental Molecular Sciences Lab	EMSL
emsl:769759	Environmental Molecular Sciences Lab	EMSL
emsl:769760	Environmental Molecular Sciences Lab	EMSL
emsl:769761	Environmental Molecular Sciences Lab	EMSL
emsl:769763	Environmental Molecular Sciences Lab	EMSL
emsl:771470	Environmental Molecular Sciences Lab	EMSL
emsl:771473	Environmental Molecular Sciences Lab	EMSL
emsl:771476	Environmental Molecular Sciences Lab	EMSL
emsl:771478	Environmental Molecular Sciences Lab	EMSL
emsl:771481	Environmental Molecular Sciences Lab	EMSL
emsl:771482	Environmental Molecular Sciences Lab	EMSL
emsl:771484	Environmental Molecular Sciences Lab	EMSL
emsl:771489	Environmental Molecular Sciences Lab	EMSL
emsl:771490	Environmental Molecular Sciences Lab	EMSL
emsl:771493	Environmental Molecular Sciences Lab	EMSL
emsl:598849	Environmental Molecular Sciences Lab	EMSL
emsl:598852	Environmental Molecular Sciences Lab	EMSL
emsl:598515	Environmental Molecular Sciences Lab	EMSL
emsl:598853	Environmental Molecular Sciences Lab	EMSL
emsl:598850	Environmental Molecular Sciences Lab	EMSL
emsl:598509	Environmental Molecular Sciences Lab	EMSL
emsl:598517	Environmental Molecular Sciences Lab	EMSL
emsl:598847	Environmental Molecular Sciences Lab	EMSL
emsl:598511	Environmental Molecular Sciences Lab	EMSL
emsl:598506	Environmental Molecular Sciences Lab	EMSL
emsl:598846	Environmental Molecular Sciences Lab	EMSL
emsl:598516	Environmental Molecular Sciences Lab	EMSL
emsl:598513	Environmental Molecular Sciences Lab	EMSL
emsl:598520	Environmental Molecular Sciences Lab	EMSL
emsl:598848	Environmental Molecular Sciences Lab	EMSL
emsl:598851	Environmental Molecular Sciences Lab	EMSL
emsl:598512	Environmental Molecular Sciences Lab	EMSL
emsl:598508	Environmental Molecular Sciences Lab	EMSL
emsl:598510	Environmental Molecular Sciences Lab	EMSL
gold:Gp0115663	Joint Genome Institute	JGI
gold:Gp0115664	Joint Genome Institute	JGI
gold:Gp0115665	Joint Genome Institute	JGI
gold:Gp0115666	Joint Genome Institute	JGI
gold:Gp0115667	Joint Genome Institute	JGI
gold:Gp0115668	Joint Genome Institute	JGI
gold:Gp0115669	Joint Genome Institute	JGI
gold:Gp0115670	Joint Genome Institute	JGI
gold:Gp0115671	Joint Genome Institute	JGI
gold:Gp0115672	Joint Genome Institute	JGI
gold:Gp0115673	Joint Genome Institute	JGI
gold:Gp0115674	Joint Genome Institute	JGI
gold:Gp0115675	Joint Genome Institute	JGI
gold:Gp0115676	Joint Genome Institute	JGI
gold:Gp0115677	Joint Genome Institute	JGI
gold:Gp0115678	Joint Genome Institute	JGI
gold:Gp0115679	Joint Genome Institute	JGI
gold:Gp0127623	Joint Genome Institute	JGI
gold:Gp0127624	Joint Genome Institute	JGI
gold:Gp0127625	Joint Genome Institute	JGI
gold:Gp0127626	Joint Genome Institute	JGI
gold:Gp0127627	Joint Genome Institute	JGI
gold:Gp0127628	Joint Genome Institute	JGI
gold:Gp0127629	Joint Genome Institute	JGI
gold:Gp0127630	Joint Genome Institute	JGI
gold:Gp0127631	Joint Genome Institute	JGI
gold:Gp0127632	Joint Genome Institute	JGI
gold:Gp0127633	Joint Genome Institute	JGI
gold:Gp0127634	Joint Genome Institute	JGI
gold:Gp0127635	Joint Genome Institute	JGI
gold:Gp0127636	Joint Genome Institute	JGI
gold:Gp0127637	Joint Genome Institute	JGI
gold:Gp0127638	Joint Genome Institute	JGI
gold:Gp0127639	Joint Genome Institute	JGI
gold:Gp0127640	Joint Genome Institute	JGI
gold:Gp0127641	Joint Genome Institute	JGI
gold:Gp0127642	Joint Genome Institute	JGI
gold:Gp0127643	Joint Genome Institute	JGI
gold:Gp0127644	Joint Genome Institute	JGI
gold:Gp0127645	Joint Genome Institute	JGI
gold:Gp0127646	Joint Genome Institute	JGI
gold:Gp0127647	Joint Genome Institute	JGI
gold:Gp0127648	Joint Genome Institute	JGI
gold:Gp0127649	Joint Genome Institute	JGI
gold:Gp0127651	Joint Genome Institute	JGI
gold:Gp0127652	Joint Genome Institute	JGI
gold:Gp0127653	Joint Genome Institute	JGI
gold:Gp0127654	Joint Genome Institute	JGI
gold:Gp0127655	Joint Genome Institute	JGI
gold:Gp0127656	Joint Genome Institute	JGI
gold:Gp0119849	Joint Genome Institute	JGI
gold:Gp0119850	Joint Genome Institute	JGI
gold:Gp0119851	Joint Genome Institute	JGI
gold:Gp0119852	Joint Genome Institute	JGI
gold:Gp0119853	Joint Genome Institute	JGI
gold:Gp0119854	Joint Genome Institute	JGI
gold:Gp0119855	Joint Genome Institute	JGI
gold:Gp0119856	Joint Genome Institute	JGI
gold:Gp0119857	Joint Genome Institute	JGI
gold:Gp0119858	Joint Genome Institute	JGI
gold:Gp0119859	Joint Genome Institute	JGI
gold:Gp0119860	Joint Genome Institute	JGI
gold:Gp0119861	Joint Genome Institute	JGI
gold:Gp0119862	Joint Genome Institute	JGI
gold:Gp0119863	Joint Genome Institute	JGI
gold:Gp0119864	Joint Genome Institute	JGI
gold:Gp0119865	Joint Genome Institute	JGI
gold:Gp0119866	Joint Genome Institute	JGI
gold:Gp0119867	Joint Genome Institute	JGI
gold:Gp0119868	Joint Genome Institute	JGI
gold:Gp0119869	Joint Genome Institute	JGI
gold:Gp0119871	Joint Genome Institute	JGI
gold:Gp0153825	Joint Genome Institute	JGI
gold:Gp0321263	Joint Genome Institute	JGI
gold:Gp0321264	Joint Genome Institute	JGI
gold:Gp0321265	Joint Genome Institute	JGI
gold:Gp0321266	Joint Genome Institute	JGI
gold:Gp0321267	Joint Genome Institute	JGI
gold:Gp0321268	Joint Genome Institute	JGI
gold:Gp0321269	Joint Genome Institute	JGI
gold:Gp0321270	Joint Genome Institute	JGI
gold:Gp0321271	Joint Genome Institute	JGI
gold:Gp0321272	Joint Genome Institute	JGI
gold:Gp0321273	Joint Genome Institute	JGI
gold:Gp0321274	Joint Genome Institute	JGI
gold:Gp0321275	Joint Genome Institute	JGI
gold:Gp0321276	Joint Genome Institute	JGI
gold:Gp0321277	Joint Genome Institute	JGI
gold:Gp0321278	Joint Genome Institute	JGI
gold:Gp0321279	Joint Genome Institute	JGI
gold:Gp0321280	Joint Genome Institute	JGI
gold:Gp0321281	Joint Genome Institute	JGI
gold:Gp0321282	Joint Genome Institute	JGI
gold:Gp0321283	Joint Genome Institute	JGI
gold:Gp0321284	Joint Genome Institute	JGI
gold:Gp0321285	Joint Genome Institute	JGI
gold:Gp0321286	Joint Genome Institute	JGI
gold:Gp0321287	Joint Genome Institute	JGI
gold:Gp0321288	Joint Genome Institute	JGI
gold:Gp0321289	Joint Genome Institute	JGI
gold:Gp0321290	Joint Genome Institute	JGI
gold:Gp0321291	Joint Genome Institute	JGI
gold:Gp0321292	Joint Genome Institute	JGI
gold:Gp0321293	Joint Genome Institute	JGI
gold:Gp0321294	Joint Genome Institute	JGI
gold:Gp0321295	Joint Genome Institute	JGI
gold:Gp0321296	Joint Genome Institute	JGI
gold:Gp0321297	Joint Genome Institute	JGI
gold:Gp0321298	Joint Genome Institute	JGI
gold:Gp0321299	Joint Genome Institute	JGI
gold:Gp0321300	Joint Genome Institute	JGI
gold:Gp0321301	Joint Genome Institute	JGI
gold:Gp0321302	Joint Genome Institute	JGI
gold:Gp0321303	Joint Genome Institute	JGI
gold:Gp0321304	Joint Genome Institute	JGI
gold:Gp0321305	Joint Genome Institute	JGI
gold:Gp0321306	Joint Genome Institute	JGI
gold:Gp0321307	Joint Genome Institute	JGI
gold:Gp0321308	Joint Genome Institute	JGI
gold:Gp0321309	Joint Genome Institute	JGI
gold:Gp0321310	Joint Genome Institute	JGI
gold:Gp0324006	Joint Genome Institute	JGI
gold:Gp0324007	Joint Genome Institute	JGI
gold:Gp0324008	Joint Genome Institute	JGI
gold:Gp0324009	Joint Genome Institute	JGI
gold:Gp0324010	Joint Genome Institute	JGI
gold:Gp0324011	Joint Genome Institute	JGI
gold:Gp0324033	Joint Genome Institute	JGI
gold:Gp0324034	Joint Genome Institute	JGI
gold:Gp0324035	Joint Genome Institute	JGI
gold:Gp0324036	Joint Genome Institute	JGI
gold:Gp0324037	Joint Genome Institute	JGI
gold:Gp0324038	Joint Genome Institute	JGI
gold:Gp0324039	Joint Genome Institute	JGI
gold:Gp0324040	Joint Genome Institute	JGI
gold:Gp0324041	Joint Genome Institute	JGI
gold:Gp0324042	Joint Genome Institute	JGI
gold:Gp0324043	Joint Genome Institute	JGI
gold:Gp0324044	Joint Genome Institute	JGI
gold:Gp0324045	Joint Genome Institute	JGI
gold:Gp0324046	Joint Genome Institute	JGI
gold:Gp0324047	Joint Genome Institute	JGI
gold:Gp0324048	Joint Genome Institute	JGI
gold:Gp0324049	Joint Genome Institute	JGI
gold:Gp0324050	Joint Genome Institute	JGI
gold:Gp0324051	Joint Genome Institute	JGI
gold:Gp0324052	Joint Genome Institute	JGI
gold:Gp0324053	Joint Genome Institute	JGI
gold:Gp0324054	Joint Genome Institute	JGI
gold:Gp0324055	Joint Genome Institute	JGI
gold:Gp0324056	Joint Genome Institute	JGI
gold:Gp0324057	Joint Genome Institute	JGI
gold:Gp0324058	Joint Genome Institute	JGI
gold:Gp0324059	Joint Genome Institute	JGI
gold:Gp0324060	Joint Genome Institute	JGI
gold:Gp0324061	Joint Genome Institute	JGI
gold:Gp0324062	Joint Genome Institute	JGI
gold:Gp0396393	Joint Genome Institute	JGI
gold:Gp0396394	Joint Genome Institute	JGI
gold:Gp0396395	Joint Genome Institute	JGI
gold:Gp0396396	Joint Genome Institute	JGI
gold:Gp0396397	Joint Genome Institute	JGI
gold:Gp0396398	Joint Genome Institute	JGI
gold:Gp0396399	Joint Genome Institute	JGI
gold:Gp0396400	Joint Genome Institute	JGI
gold:Gp0396401	Joint Genome Institute	JGI
gold:Gp0138727	Joint Genome Institute	JGI
gold:Gp0138728	Joint Genome Institute	JGI
gold:Gp0138729	Joint Genome Institute	JGI
gold:Gp0138730	Joint Genome Institute	JGI
gold:Gp0138731	Joint Genome Institute	JGI
gold:Gp0138732	Joint Genome Institute	JGI
gold:Gp0138733	Joint Genome Institute	JGI
gold:Gp0138734	Joint Genome Institute	JGI
gold:Gp0138735	Joint Genome Institute	JGI
gold:Gp0138736	Joint Genome Institute	JGI
gold:Gp0138737	Joint Genome Institute	JGI
gold:Gp0138738	Joint Genome Institute	JGI
gold:Gp0138739	Joint Genome Institute	JGI
gold:Gp0138740	Joint Genome Institute	JGI
gold:Gp0138741	Joint Genome Institute	JGI
gold:Gp0138742	Joint Genome Institute	JGI
gold:Gp0138743	Joint Genome Institute	JGI
gold:Gp0138744	Joint Genome Institute	JGI
gold:Gp0138745	Joint Genome Institute	JGI
gold:Gp0138746	Joint Genome Institute	JGI
gold:Gp0138747	Joint Genome Institute	JGI
gold:Gp0138748	Joint Genome Institute	JGI
gold:Gp0138749	Joint Genome Institute	JGI
gold:Gp0138750	Joint Genome Institute	JGI
gold:Gp0138751	Joint Genome Institute	JGI
gold:Gp0138752	Joint Genome Institute	JGI
gold:Gp0138753	Joint Genome Institute	JGI
gold:Gp0138754	Joint Genome Institute	JGI
gold:Gp0138755	Joint Genome Institute	JGI
gold:Gp0138756	Joint Genome Institute	JGI
gold:Gp0138757	Joint Genome Institute	JGI
gold:Gp0138758	Joint Genome Institute	JGI
gold:Gp0138759	Joint Genome Institute	JGI
gold:Gp0138760	Joint Genome Institute	JGI
gold:Gp0138761	Joint Genome Institute	JGI
gold:Gp0138762	Joint Genome Institute	JGI
gold:Gp0138763	Joint Genome Institute	JGI
gold:Gp0138764	Joint Genome Institute	JGI
gold:Gp0208359	Joint Genome Institute	JGI
gold:Gp0208360	Joint Genome Institute	JGI
gold:Gp0208361	Joint Genome Institute	JGI
gold:Gp0208362	Joint Genome Institute	JGI
gold:Gp0208363	Joint Genome Institute	JGI
gold:Gp0208364	Joint Genome Institute	JGI
gold:Gp0208365	Joint Genome Institute	JGI
gold:Gp0208366	Joint Genome Institute	JGI
gold:Gp0208367	Joint Genome Institute	JGI
gold:Gp0208368	Joint Genome Institute	JGI
gold:Gp0208369	Joint Genome Institute	JGI
gold:Gp0208370	Joint Genome Institute	JGI
gold:Gp0208371	Joint Genome Institute	JGI
gold:Gp0208372	Joint Genome Institute	JGI
gold:Gp0208373	Joint Genome Institute	JGI
gold:Gp0208374	Joint Genome Institute	JGI
gold:Gp0208375	Joint Genome Institute	JGI
gold:Gp0208376	Joint Genome Institute	JGI
gold:Gp0208377	Joint Genome Institute	JGI
gold:Gp0208378	Joint Genome Institute	JGI
gold:Gp0208379	Joint Genome Institute	JGI
gold:Gp0208381	Joint Genome Institute	JGI
gold:Gp0208382	Joint Genome Institute	JGI
gold:Gp0213331	Joint Genome Institute	JGI
gold:Gp0213332	Joint Genome Institute	JGI
gold:Gp0213333	Joint Genome Institute	JGI
gold:Gp0213334	Joint Genome Institute	JGI
gold:Gp0213335	Joint Genome Institute	JGI
gold:Gp0213336	Joint Genome Institute	JGI
gold:Gp0213337	Joint Genome Institute	JGI
gold:Gp0213338	Joint Genome Institute	JGI
gold:Gp0213339	Joint Genome Institute	JGI
gold:Gp0213340	Joint Genome Institute	JGI
gold:Gp0213341	Joint Genome Institute	JGI
gold:Gp0213342	Joint Genome Institute	JGI
gold:Gp0213343	Joint Genome Institute	JGI
gold:Gp0213344	Joint Genome Institute	JGI
gold:Gp0213345	Joint Genome Institute	JGI
gold:Gp0213346	Joint Genome Institute	JGI
gold:Gp0213347	Joint Genome Institute	JGI
gold:Gp0213348	Joint Genome Institute	JGI
gold:Gp0213349	Joint Genome Institute	JGI
gold:Gp0213350	Joint Genome Institute	JGI
gold:Gp0213351	Joint Genome Institute	JGI
gold:Gp0213352	Joint Genome Institute	JGI
gold:Gp0213353	Joint Genome Institute	JGI
gold:Gp0213354	Joint Genome Institute	JGI
gold:Gp0213355	Joint Genome Institute	JGI
gold:Gp0213356	Joint Genome Institute	JGI
gold:Gp0213357	Joint Genome Institute	JGI
gold:Gp0213358	Joint Genome Institute	JGI
gold:Gp0213359	Joint Genome Institute	JGI
gold:Gp0213360	Joint Genome Institute	JGI
gold:Gp0213361	Joint Genome Institute	JGI
gold:Gp0213362	Joint Genome Institute	JGI
gold:Gp0213363	Joint Genome Institute	JGI
gold:Gp0213364	Joint Genome Institute	JGI
gold:Gp0213365	Joint Genome Institute	JGI
gold:Gp0213366	Joint Genome Institute	JGI
gold:Gp0213367	Joint Genome Institute	JGI
gold:Gp0213368	Joint Genome Institute	JGI
gold:Gp0213369	Joint Genome Institute	JGI
gold:Gp0213370	Joint Genome Institute	JGI
gold:Gp0213371	Joint Genome Institute	JGI
gold:Gp0213372	Joint Genome Institute	JGI
gold:Gp0213373	Joint Genome Institute	JGI
gold:Gp0213374	Joint Genome Institute	JGI
gold:Gp0213375	Joint Genome Institute	JGI
gold:Gp0116320	Joint Genome Institute	JGI
gold:Gp0116321	Joint Genome Institute	JGI
gold:Gp0116322	Joint Genome Institute	JGI
gold:Gp0116323	Joint Genome Institute	JGI
gold:Gp0116324	Joint Genome Institute	JGI
gold:Gp0116325	Joint Genome Institute	JGI
gold:Gp0116326	Joint Genome Institute	JGI
gold:Gp0116327	Joint Genome Institute	JGI
gold:Gp0116328	Joint Genome Institute	JGI
gold:Gp0116329	Joint Genome Institute	JGI
gold:Gp0116330	Joint Genome Institute	JGI
gold:Gp0116331	Joint Genome Institute	JGI
gold:Gp0116332	Joint Genome Institute	JGI
gold:Gp0116333	Joint Genome Institute	JGI
gold:Gp0116334	Joint Genome Institute	JGI
gold:Gp0116336	Joint Genome Institute	JGI
gold:Gp0116337	Joint Genome Institute	JGI
gold:Gp0116338	Joint Genome Institute	JGI
gold:Gp0116339	Joint Genome Institute	JGI
gold:Gp0116342	Joint Genome Institute	JGI
gold:Gp0116343	Joint Genome Institute	JGI
gold:Gp0116344	Joint Genome Institute	JGI
gold:Gp0116346	Joint Genome Institute	JGI
gold:Gp0116347	Joint Genome Institute	JGI
gold:Gp0116348	Joint Genome Institute	JGI
gold:Gp0116349	Joint Genome Institute	JGI
gold:Gp0116345	Joint Genome Institute	JGI
gold:Gp0344891	Joint Genome Institute	JGI
gold:Gp0344846	Joint Genome Institute	JGI
gold:Gp0208578	Joint Genome Institute	JGI
gold:Gp0344868	Joint Genome Institute	JGI
gold:Gp0344845	Joint Genome Institute	JGI
gold:Gp0344865	Joint Genome Institute	JGI
gold:Gp0344898	Joint Genome Institute	JGI
gold:Gp0208576	Joint Genome Institute	JGI
gold:Gp0344834	Joint Genome Institute	JGI
gold:Gp0344874	Joint Genome Institute	JGI
gold:Gp0344841	Joint Genome Institute	JGI
gold:Gp0344887	Joint Genome Institute	JGI
gold:Gp0344860	Joint Genome Institute	JGI
gold:Gp0208582	Joint Genome Institute	JGI
gold:Gp0344825	Joint Genome Institute	JGI
gold:Gp0325955	Joint Genome Institute	JGI
gold:Gp0344878	Joint Genome Institute	JGI
gold:Gp0344869	Joint Genome Institute	JGI
gold:Gp0344871	Joint Genome Institute	JGI
gold:Gp0344824	Joint Genome Institute	JGI
gold:Gp0208580	Joint Genome Institute	JGI
gold:Gp0344848	Joint Genome Institute	JGI
gold:Gp0208583	Joint Genome Institute	JGI
gold:Gp0344829	Joint Genome Institute	JGI
gold:Gp0344896	Joint Genome Institute	JGI
gold:Gp0344855	Joint Genome Institute	JGI
gold:Gp0325961	Joint Genome Institute	JGI
gold:Gp0344844	Joint Genome Institute	JGI
gold:Gp0344827	Joint Genome Institute	JGI
gold:Gp0344842	Joint Genome Institute	JGI
gold:Gp0344875	Joint Genome Institute	JGI
gold:Gp0344864	Joint Genome Institute	JGI
gold:Gp0344838	Joint Genome Institute	JGI
gold:Gp0344885	Joint Genome Institute	JGI
gold:Gp0344867	Joint Genome Institute	JGI
gold:Gp0344836	Joint Genome Institute	JGI
gold:Gp0344893	Joint Genome Institute	JGI
gold:Gp0344894	Joint Genome Institute	JGI
gold:Gp0344858	Joint Genome Institute	JGI
gold:Gp0325958	Joint Genome Institute	JGI
gold:Gp0344851	Joint Genome Institute	JGI
gold:Gp0344840	Joint Genome Institute	JGI
gold:Gp0344830	Joint Genome Institute	JGI
gold:Gp0325960	Joint Genome Institute	JGI
gold:Gp0344876	Joint Genome Institute	JGI
gold:Gp0344839	Joint Genome Institute	JGI
gold:Gp0344817	Joint Genome Institute	JGI
gold:Gp0344892	Joint Genome Institute	JGI
gold:Gp0344854	Joint Genome Institute	JGI
gold:Gp0344819	Joint Genome Institute	JGI
gold:Gp0344888	Joint Genome Institute	JGI
gold:Gp0344821	Joint Genome Institute	JGI
gold:Gp0325954	Joint Genome Institute	JGI
gold:Gp0344900	Joint Genome Institute	JGI
gold:Gp0344826	Joint Genome Institute	JGI
gold:Gp0344835	Joint Genome Institute	JGI
gold:Gp0208575	Joint Genome Institute	JGI
gold:Gp0344818	Joint Genome Institute	JGI
gold:Gp0344822	Joint Genome Institute	JGI
gold:Gp0344899	Joint Genome Institute	JGI
gold:Gp0344820	Joint Genome Institute	JGI
gold:Gp0344856	Joint Genome Institute	JGI
gold:Gp0208574	Joint Genome Institute	JGI
gold:Gp0344882	Joint Genome Institute	JGI
gold:Gp0344831	Joint Genome Institute	JGI
gold:Gp0344880	Joint Genome Institute	JGI
gold:Gp0344843	Joint Genome Institute	JGI
gold:Gp0344901	Joint Genome Institute	JGI
gold:Gp0344823	Joint Genome Institute	JGI
gold:Gp0325957	Joint Genome Institute	JGI
gold:Gp0325959	Joint Genome Institute	JGI
gold:Gp0344877	Joint Genome Institute	JGI
gold:Gp0344828	Joint Genome Institute	JGI
gold:Gp0344849	Joint Genome Institute	JGI
gold:Gp0344884	Joint Genome Institute	JGI
gold:Gp0344850	Joint Genome Institute	JGI
gold:Gp0344883	Joint Genome Institute	JGI
gold:Gp0344886	Joint Genome Institute	JGI
gold:Gp0344832	Joint Genome Institute	JGI
gold:Gp0344815	Joint Genome Institute	JGI
gold:Gp0344857	Joint Genome Institute	JGI
gold:Gp0344837	Joint Genome Institute	JGI
gold:Gp0344833	Joint Genome Institute	JGI
gold:Gp0344816	Joint Genome Institute	JGI
gold:Gp0344873	Joint Genome Institute	JGI
gold:Gp0344895	Joint Genome Institute	JGI
gold:Gp0344861	Joint Genome Institute	JGI
gold:Gp0344866	Joint Genome Institute	JGI
gold:Gp0344859	Joint Genome Institute	JGI
gold:Gp0344847	Joint Genome Institute	JGI
gold:Gp0208581	Joint Genome Institute	JGI
gold:Gp0344881	Joint Genome Institute	JGI
gold:Gp0344853	Joint Genome Institute	JGI
gold:Gp0344872	Joint Genome Institute	JGI
gold:Gp0344890	Joint Genome Institute	JGI
gold:Gp0344862	Joint Genome Institute	JGI
gold:Gp0344879	Joint Genome Institute	JGI
gold:Gp0344897	Joint Genome Institute	JGI
gold:Gp0325962	Joint Genome Institute	JGI
gold:Gp0208579	Joint Genome Institute	JGI
gold:Gp0344889	Joint Genome Institute	JGI
gold:Gp0344870	Joint Genome Institute	JGI
gold:Gp0325956	Joint Genome Institute	JGI
gold:Gp0566632	Joint Genome Institute	JGI
gold:Gp0566633	Joint Genome Institute	JGI
gold:Gp0566634	Joint Genome Institute	JGI
gold:Gp0566635	Joint Genome Institute	JGI
gold:Gp0566636	Joint Genome Institute	JGI
gold:Gp0566637	Joint Genome Institute	JGI
gold:Gp0566638	Joint Genome Institute	JGI
gold:Gp0566639	Joint Genome Institute	JGI
gold:Gp0566640	Joint Genome Institute	JGI
gold:Gp0566641	Joint Genome Institute	JGI
gold:Gp0566642	Joint Genome Institute	JGI
gold:Gp0566643	Joint Genome Institute	JGI
gold:Gp0566644	Joint Genome Institute	JGI
gold:Gp0566645	Joint Genome Institute	JGI
gold:Gp0566646	Joint Genome Institute	JGI
gold:Gp0566647	Joint Genome Institute	JGI
gold:Gp0566648	Joint Genome Institute	JGI
gold:Gp0566649	Joint Genome Institute	JGI
gold:Gp0566650	Joint Genome Institute	JGI
gold:Gp0566651	Joint Genome Institute	JGI
gold:Gp0566652	Joint Genome Institute	JGI
gold:Gp0566653	Joint Genome Institute	JGI
gold:Gp0566654	Joint Genome Institute	JGI
gold:Gp0566655	Joint Genome Institute	JGI
gold:Gp0566656	Joint Genome Institute	JGI
gold:Gp0566657	Joint Genome Institute	JGI
gold:Gp0566658	Joint Genome Institute	JGI
gold:Gp0566659	Joint Genome Institute	JGI
gold:Gp0566660	Joint Genome Institute	JGI
gold:Gp0566661	Joint Genome Institute	JGI
gold:Gp0566662	Joint Genome Institute	JGI
gold:Gp0566663	Joint Genome Institute	JGI
gold:Gp0566664	Joint Genome Institute	JGI
gold:Gp0566665	Joint Genome Institute	JGI
gold:Gp0566666	Joint Genome Institute	JGI
gold:Gp0566668	Joint Genome Institute	JGI
gold:Gp0566669	Joint Genome Institute	JGI
gold:Gp0566670	Joint Genome Institute	JGI
gold:Gp0566672	Joint Genome Institute	JGI
gold:Gp0566673	Joint Genome Institute	JGI
gold:Gp0566674	Joint Genome Institute	JGI
gold:Gp0566675	Joint Genome Institute	JGI
gold:Gp0566676	Joint Genome Institute	JGI
gold:Gp0566677	Joint Genome Institute	JGI
gold:Gp0566680	Joint Genome Institute	JGI
gold:Gp0566681	Joint Genome Institute	JGI
gold:Gp0566682	Joint Genome Institute	JGI
gold:Gp0566683	Joint Genome Institute	JGI
gold:Gp0566684	Joint Genome Institute	JGI
gold:Gp0566685	Joint Genome Institute	JGI
gold:Gp0566686	Joint Genome Institute	JGI
gold:Gp0566687	Joint Genome Institute	JGI
gold:Gp0566688	Joint Genome Institute	JGI
gold:Gp0566689	Joint Genome Institute	JGI
gold:Gp0566690	Joint Genome Institute	JGI
gold:Gp0566691	Joint Genome Institute	JGI
gold:Gp0566692	Joint Genome Institute	JGI
gold:Gp0566693	Joint Genome Institute	JGI
gold:Gp0566694	Joint Genome Institute	JGI
gold:Gp0566695	Joint Genome Institute	JGI
gold:Gp0566696	Joint Genome Institute	JGI
gold:Gp0566697	Joint Genome Institute	JGI
gold:Gp0566698	Joint Genome Institute	JGI
gold:Gp0566699	Joint Genome Institute	JGI
gold:Gp0566700	Joint Genome Institute	JGI
gold:Gp0566701	Joint Genome Institute	JGI
gold:Gp0566702	Joint Genome Institute	JGI
gold:Gp0566703	Joint Genome Institute	JGI
gold:Gp0566704	Joint Genome Institute	JGI
gold:Gp0566705	Joint Genome Institute	JGI
gold:Gp0566706	Joint Genome Institute	JGI
gold:Gp0566708	Joint Genome Institute	JGI
gold:Gp0566709	Joint Genome Institute	JGI
gold:Gp0566710	Joint Genome Institute	JGI
gold:Gp0566711	Joint Genome Institute	JGI
gold:Gp0566712	Joint Genome Institute	JGI
gold:Gp0566713	Joint Genome Institute	JGI
gold:Gp0566714	Joint Genome Institute	JGI
gold:Gp0566715	Joint Genome Institute	JGI
gold:Gp0566716	Joint Genome Institute	JGI
gold:Gp0566717	Joint Genome Institute	JGI
gold:Gp0566718	Joint Genome Institute	JGI
gold:Gp0566719	Joint Genome Institute	JGI
gold:Gp0566720	Joint Genome Institute	JGI
gold:Gp0566721	Joint Genome Institute	JGI
gold:Gp0566722	Joint Genome Institute	JGI
gold:Gp0566723	Joint Genome Institute	JGI
gold:Gp0566724	Joint Genome Institute	JGI
gold:Gp0566725	Joint Genome Institute	JGI
gold:Gp0566726	Joint Genome Institute	JGI
gold:Gp0566727	Joint Genome Institute	JGI
gold:Gp0566728	Joint Genome Institute	JGI
gold:Gp0566729	Joint Genome Institute	JGI
gold:Gp0566730	Joint Genome Institute	JGI
gold:Gp0566731	Joint Genome Institute	JGI
gold:Gp0566732	Joint Genome Institute	JGI
gold:Gp0566733	Joint Genome Institute	JGI
gold:Gp0566734	Joint Genome Institute	JGI
gold:Gp0566735	Joint Genome Institute	JGI
gold:Gp0566737	Joint Genome Institute	JGI
gold:Gp0566738	Joint Genome Institute	JGI
gold:Gp0566739	Joint Genome Institute	JGI
gold:Gp0566740	Joint Genome Institute	JGI
gold:Gp0566756	Joint Genome Institute	JGI
gold:Gp0566757	Joint Genome Institute	JGI
gold:Gp0566758	Joint Genome Institute	JGI
gold:Gp0566759	Joint Genome Institute	JGI
gold:Gp0566760	Joint Genome Institute	JGI
gold:Gp0566761	Joint Genome Institute	JGI
gold:Gp0566762	Joint Genome Institute	JGI
gold:Gp0566763	Joint Genome Institute	JGI
gold:Gp0566764	Joint Genome Institute	JGI
gold:Gp0566765	Joint Genome Institute	JGI
gold:Gp0566767	Joint Genome Institute	JGI
gold:Gp0566768	Joint Genome Institute	JGI
gold:Gp0566769	Joint Genome Institute	JGI
gold:Gp0566770	Joint Genome Institute	JGI
gold:Gp0566772	Joint Genome Institute	JGI
gold:Gp0566773	Joint Genome Institute	JGI
gold:Gp0566774	Joint Genome Institute	JGI
gold:Gp0566775	Joint Genome Institute	JGI
gold:Gp0566776	Joint Genome Institute	JGI
gold:Gp0566778	Joint Genome Institute	JGI
gold:Gp0566779	Joint Genome Institute	JGI
gold:Gp0566780	Joint Genome Institute	JGI
gold:Gp0566781	Joint Genome Institute	JGI
gold:Gp0566782	Joint Genome Institute	JGI
gold:Gp0566783	Joint Genome Institute	JGI
gold:Gp0566784	Joint Genome Institute	JGI
gold:Gp0566785	Joint Genome Institute	JGI
gold:Gp0566786	Joint Genome Institute	JGI
gold:Gp0566787	Joint Genome Institute	JGI
gold:Gp0566789	Joint Genome Institute	JGI
gold:Gp0566790	Joint Genome Institute	JGI
gold:Gp0566791	Joint Genome Institute	JGI
gold:Gp0566792	Joint Genome Institute	JGI
gold:Gp0566793	Joint Genome Institute	JGI
gold:Gp0566794	Joint Genome Institute	JGI
gold:Gp0566796	Joint Genome Institute	JGI
gold:Gp0566797	Joint Genome Institute	JGI
gold:Gp0566798	Joint Genome Institute	JGI
gold:Gp0566799	Joint Genome Institute	JGI
gold:Gp0566800	Joint Genome Institute	JGI
gold:Gp0566801	Joint Genome Institute	JGI
gold:Gp0566802	Joint Genome Institute	JGI
gold:Gp0566803	Joint Genome Institute	JGI
gold:Gp0566804	Joint Genome Institute	JGI
gold:Gp0566805	Joint Genome Institute	JGI
gold:Gp0566806	Joint Genome Institute	JGI
gold:Gp0566807	Joint Genome Institute	JGI
gold:Gp0566808	Joint Genome Institute	JGI
gold:Gp0566809	Joint Genome Institute	JGI
gold:Gp0566810	Joint Genome Institute	JGI
gold:Gp0566811	Joint Genome Institute	JGI
gold:Gp0566812	Joint Genome Institute	JGI
gold:Gp0566813	Joint Genome Institute	JGI
gold:Gp0566814	Joint Genome Institute	JGI
gold:Gp0566815	Joint Genome Institute	JGI
gold:Gp0566816	Joint Genome Institute	JGI
gold:Gp0566817	Joint Genome Institute	JGI
gold:Gp0566818	Joint Genome Institute	JGI
gold:Gp0566819	Joint Genome Institute	JGI
gold:Gp0566820	Joint Genome Institute	JGI
gold:Gp0566821	Joint Genome Institute	JGI
gold:Gp0566822	Joint Genome Institute	JGI
gold:Gp0566823	Joint Genome Institute	JGI
gold:Gp0566824	Joint Genome Institute	JGI
gold:Gp0566825	Joint Genome Institute	JGI
gold:Gp0566826	Joint Genome Institute	JGI
gold:Gp0566827	Joint Genome Institute	JGI
gold:Gp0566828	Joint Genome Institute	JGI
gold:Gp0566829	Joint Genome Institute	JGI
gold:Gp0566830	Joint Genome Institute	JGI
gold:Gp0566832	Joint Genome Institute	JGI
gold:Gp0566833	Joint Genome Institute	JGI
gold:Gp0566834	Joint Genome Institute	JGI
gold:Gp0566835	Joint Genome Institute	JGI
gold:Gp0566836	Joint Genome Institute	JGI
gold:Gp0566837	Joint Genome Institute	JGI
gold:Gp0566838	Joint Genome Institute	JGI
gold:Gp0566839	Joint Genome Institute	JGI
gold:Gp0566840	Joint Genome Institute	JGI
gold:Gp0566841	Joint Genome Institute	JGI
gold:Gp0566842	Joint Genome Institute	JGI
gold:Gp0566843	Joint Genome Institute	JGI
gold:Gp0566844	Joint Genome Institute	JGI
gold:Gp0566845	Joint Genome Institute	JGI
gold:Gp0566846	Joint Genome Institute	JGI
gold:Gp0566847	Joint Genome Institute	JGI
gold:Gp0566848	Joint Genome Institute	JGI
gold:Gp0566849	Joint Genome Institute	JGI
gold:Gp0566850	Joint Genome Institute	JGI
gold:Gp0566851	Joint Genome Institute	JGI
gold:Gp0566852	Joint Genome Institute	JGI
gold:Gp0566853	Joint Genome Institute	JGI
gold:Gp0566854	Joint Genome Institute	JGI
gold:Gp0566855	Joint Genome Institute	JGI
gold:Gp0566856	Joint Genome Institute	JGI
gold:Gp0566857	Joint Genome Institute	JGI
gold:Gp0566858	Joint Genome Institute	JGI
gold:Gp0566859	Joint Genome Institute	JGI
gold:Gp0566860	Joint Genome Institute	JGI
gold:Gp0566861	Joint Genome Institute	JGI
gold:Gp0566862	Joint Genome Institute	JGI
gold:Gp0566863	Joint Genome Institute	JGI
gold:Gp0566766	Joint Genome Institute	JGI
gold:Gp0116335	Joint Genome Institute	JGI
gold:Gp0116340	Joint Genome Institute	JGI
gold:Gp0208380	Joint Genome Institute	JGI
gold:Gp0452544	"University of California, San Diego"	UCSD
gold:Gp0452547	"University of California, San Diego"	UCSD
gold:Gp0452636	"University of California, San Diego"	UCSD
gold:Gp0452648	"University of California, San Diego"	UCSD
gold:Gp0452652	"University of California, San Diego"	UCSD
gold:Gp0452654	"University of California, San Diego"	UCSD
gold:Gp0452657	"University of California, San Diego"	UCSD
gold:Gp0452667	"University of California, San Diego"	UCSD
gold:Gp0452710	"University of California, San Diego"	UCSD
gold:Gp0452726	"University of California, San Diego"	UCSD
gold:Gp0452745	"University of California, San Diego"	UCSD
gold:Gp0618759	"University of California, San Diego"	UCSD
gold:Gp0452628	"University of California, San Diego"	UCSD
gold:Gp0452638	"University of California, San Diego"	UCSD
gold:Gp0452672	"University of California, San Diego"	UCSD
gold:Gp0452617	"University of California, San Diego"	UCSD
gold:Gp0452647	"University of California, San Diego"	UCSD
gold:Gp0452658	"University of California, San Diego"	UCSD
gold:Gp0452665	"University of California, San Diego"	UCSD
gold:Gp0452678	"University of California, San Diego"	UCSD
gold:Gp0452546	"University of California, San Diego"	UCSD
gold:Gp0452553	"University of California, San Diego"	UCSD
gold:Gp0452549	"University of California, San Diego"	UCSD
gold:Gp0452551	"University of California, San Diego"	UCSD
gold:Gp0452577	"University of California, San Diego"	UCSD
gold:Gp0452660	"University of California, San Diego"	UCSD
gold:Gp0452662	"University of California, San Diego"	UCSD
gold:Gp0452670	"University of California, San Diego"	UCSD
gold:Gp0452748	"University of California, San Diego"	UCSD
gold:Gp0618755	"University of California, San Diego"	UCSD
gold:Gp0452548	"University of California, San Diego"	UCSD
gold:Gp0452646	"University of California, San Diego"	UCSD
gold:Gp0452562	"University of California, San Diego"	UCSD
gold:Gp0452645	"University of California, San Diego"	UCSD
gold:Gp0452651	"University of California, San Diego"	UCSD
gold:Gp0452656	"University of California, San Diego"	UCSD
gold:Gp0452659	"University of California, San Diego"	UCSD
gold:Gp0452673	"University of California, San Diego"	UCSD
gold:Gp0452676	"University of California, San Diego"	UCSD
gold:Gp0452677	"University of California, San Diego"	UCSD
gold:Gp0452711	"University of California, San Diego"	UCSD
gold:Gp0452721	"University of California, San Diego"	UCSD
gold:Gp0452550	"University of California, San Diego"	UCSD
gold:Gp0452680	"University of California, San Diego"	UCSD
gold:Gp0452576	"University of California, San Diego"	UCSD
gold:Gp0452639	"University of California, San Diego"	UCSD
gold:Gp0452642	"University of California, San Diego"	UCSD
gold:Gp0452643	"University of California, San Diego"	UCSD
gold:Gp0452655	"University of California, San Diego"	UCSD
gold:Gp0452663	"University of California, San Diego"	UCSD
gold:Gp0452675	"University of California, San Diego"	UCSD
gold:Gp0452720	"University of California, San Diego"	UCSD
gold:Gp0452734	"University of California, San Diego"	UCSD
gold:Gp0452741	"University of California, San Diego"	UCSD
gold:Gp0452552	"University of California, San Diego"	UCSD
gold:Gp0452563	"University of California, San Diego"	UCSD
gold:Gp0452747	"University of California, San Diego"	UCSD
gold:Gp0452564	"University of California, San Diego"	UCSD
gold:Gp0452640	"University of California, San Diego"	UCSD
gold:Gp0452641	"University of California, San Diego"	UCSD
gold:Gp0452650	"University of California, San Diego"	UCSD
gold:Gp0452668	"University of California, San Diego"	UCSD
gold:Gp0452669	"University of California, San Diego"	UCSD
gold:Gp0452671	"University of California, San Diego"	UCSD
gold:Gp0452679	"University of California, San Diego"	UCSD
gold:Gp0452713	"University of California, San Diego"	UCSD
gold:Gp0452724	"University of California, San Diego"	UCSD
gold:Gp0452545	"University of California, San Diego"	UCSD
gold:Gp0452566	"University of California, San Diego"	UCSD
gold:Gp0452691	"University of California, San Diego"	UCSD
gold:Gp0452561	"University of California, San Diego"	UCSD
gold:Gp0452644	"University of California, San Diego"	UCSD
gold:Gp0452664	"University of California, San Diego"	UCSD
gold:Gp0452666	"University of California, San Diego"	UCSD
gold:Gp0452727	"University of California, San Diego"	UCSD
gold:Gp0452565	"University of California, San Diego"	UCSD
gold:Gp0452712	"University of California, San Diego"	UCSD
gold:Gp0452661	"University of California, San Diego"	UCSD
gold:Gp0452674	"University of California, San Diego"	UCSD
gold:Gp0452693	"University of California, San Diego"	UCSD