slot	from_schema	range	see_also	slot_uri	source
abs_air_humidity	https://microbiomedata/schema/mixs	quantity value	https://github.com/microbiomedata/nmdc-schema/blob/issue-291-mixs-submod/util/rebuild_mixs_yaml.py	MIXS:0000122	http://w3id.org/mixs/terms
add_recov_method	https://microbiomedata/schema/mixs	text value	https://github.com/microbiomedata/nmdc-schema/blob/issue-291-mixs-submod/util/rebuild_mixs_yaml.py	MIXS:0001009	http://w3id.org/mixs/terms
additional_info	https://microbiomedata/schema/mixs	text value	https://github.com/microbiomedata/nmdc-schema/blob/issue-291-mixs-submod/util/rebuild_mixs_yaml.py	MIXS:0000300	http://w3id.org/mixs/terms
address	https://microbiomedata/schema/mixs	text value	https://github.com/microbiomedata/nmdc-schema/blob/issue-291-mixs-submod/util/rebuild_mixs_yaml.py	MIXS:0000218	http://w3id.org/mixs/terms
adj_room	https://microbiomedata/schema/mixs	text value	https://github.com/microbiomedata/nmdc-schema/blob/issue-291-mixs-submod/util/rebuild_mixs_yaml.py	MIXS:0000219	http://w3id.org/mixs/terms
aero_struc	https://microbiomedata/schema/mixs	text value	https://github.com/microbiomedata/nmdc-schema/blob/issue-291-mixs-submod/util/rebuild_mixs_yaml.py	MIXS:0000773	http://w3id.org/mixs/terms
agrochem_addition	https://microbiomedata/schema/mixs	quantity value	https://github.com/microbiomedata/nmdc-schema/blob/issue-291-mixs-submod/util/rebuild_mixs_yaml.py	MIXS:0000639	http://w3id.org/mixs/terms
air_temp	https://microbiomedata/schema/mixs	quantity value	https://github.com/microbiomedata/nmdc-schema/blob/issue-291-mixs-submod/util/rebuild_mixs_yaml.py	MIXS:0000124	http://w3id.org/mixs/terms
air_temp_regm	https://microbiomedata/schema/mixs	quantity value	https://github.com/microbiomedata/nmdc-schema/blob/issue-291-mixs-submod/util/rebuild_mixs_yaml.py	MIXS:0000551	http://w3id.org/mixs/terms
al_sat	https://microbiomedata/schema/mixs	quantity value	https://github.com/microbiomedata/nmdc-schema/blob/issue-291-mixs-submod/util/rebuild_mixs_yaml.py	MIXS:0000607	http://w3id.org/mixs/terms
al_sat_meth	https://microbiomedata/schema/mixs	text value	https://github.com/microbiomedata/nmdc-schema/blob/issue-291-mixs-submod/util/rebuild_mixs_yaml.py	MIXS:0000324	http://w3id.org/mixs/terms
alkalinity	https://microbiomedata/schema/mixs	quantity value	https://github.com/microbiomedata/nmdc-schema/blob/issue-291-mixs-submod/util/rebuild_mixs_yaml.py	MIXS:0000421	http://w3id.org/mixs/terms
alkalinity_method	https://microbiomedata/schema/mixs	text value	https://github.com/microbiomedata/nmdc-schema/blob/issue-291-mixs-submod/util/rebuild_mixs_yaml.py	MIXS:0000298	http://w3id.org/mixs/terms
alkyl_diethers	https://microbiomedata/schema/mixs	quantity value	https://github.com/microbiomedata/nmdc-schema/blob/issue-291-mixs-submod/util/rebuild_mixs_yaml.py	MIXS:0000490	http://w3id.org/mixs/terms
alt	https://microbiomedata/schema/mixs	quantity value	https://github.com/microbiomedata/nmdc-schema/blob/issue-291-mixs-submod/util/rebuild_mixs_yaml.py	MIXS:0000094	http://w3id.org/mixs/terms
aminopept_act	https://microbiomedata/schema/mixs	quantity value	https://github.com/microbiomedata/nmdc-schema/blob/issue-291-mixs-submod/util/rebuild_mixs_yaml.py	MIXS:0000172	http://w3id.org/mixs/terms
ammonium	https://microbiomedata/schema/mixs	quantity value	https://github.com/microbiomedata/nmdc-schema/blob/issue-291-mixs-submod/util/rebuild_mixs_yaml.py	MIXS:0000427	http://w3id.org/mixs/terms
amount_light	https://microbiomedata/schema/mixs	quantity value	https://github.com/microbiomedata/nmdc-schema/blob/issue-291-mixs-submod/util/rebuild_mixs_yaml.py	MIXS:0000140	http://w3id.org/mixs/terms
ances_data	https://microbiomedata/schema/mixs	text value	https://github.com/microbiomedata/nmdc-schema/blob/issue-291-mixs-submod/util/rebuild_mixs_yaml.py	MIXS:0000247	http://w3id.org/mixs/terms
annual_precpt	https://microbiomedata/schema/mixs	quantity value	https://github.com/microbiomedata/nmdc-schema/blob/issue-291-mixs-submod/util/rebuild_mixs_yaml.py	MIXS:0000644	http://w3id.org/mixs/terms
annual_temp	https://microbiomedata/schema/mixs	quantity value	https://github.com/microbiomedata/nmdc-schema/blob/issue-291-mixs-submod/util/rebuild_mixs_yaml.py	MIXS:0000642	http://w3id.org/mixs/terms
antibiotic_regm	https://microbiomedata/schema/mixs	quantity value	https://github.com/microbiomedata/nmdc-schema/blob/issue-291-mixs-submod/util/rebuild_mixs_yaml.py	MIXS:0000553	http://w3id.org/mixs/terms
api	https://microbiomedata/schema/mixs	quantity value	https://github.com/microbiomedata/nmdc-schema/blob/issue-291-mixs-submod/util/rebuild_mixs_yaml.py	MIXS:0000157	http://w3id.org/mixs/terms
arch_struc	https://microbiomedata/schema/mixs	text value	https://github.com/microbiomedata/nmdc-schema/blob/issue-291-mixs-submod/util/rebuild_mixs_yaml.py	MIXS:0000774	http://w3id.org/mixs/terms
aromatics_pc	https://microbiomedata/schema/mixs	quantity value	https://github.com/microbiomedata/nmdc-schema/blob/issue-291-mixs-submod/util/rebuild_mixs_yaml.py	MIXS:0000133	http://w3id.org/mixs/terms
asphaltenes_pc	https://microbiomedata/schema/mixs	quantity value	https://github.com/microbiomedata/nmdc-schema/blob/issue-291-mixs-submod/util/rebuild_mixs_yaml.py	MIXS:0000135	http://w3id.org/mixs/terms
atmospheric_data	https://microbiomedata/schema/mixs	quantity value	https://github.com/microbiomedata/nmdc-schema/blob/issue-291-mixs-submod/util/rebuild_mixs_yaml.py	MIXS:0001097	http://w3id.org/mixs/terms
avg_dew_point	https://microbiomedata/schema/mixs	quantity value	https://github.com/microbiomedata/nmdc-schema/blob/issue-291-mixs-submod/util/rebuild_mixs_yaml.py	MIXS:0000141	http://w3id.org/mixs/terms
avg_occup	https://microbiomedata/schema/mixs	text value	https://github.com/microbiomedata/nmdc-schema/blob/issue-291-mixs-submod/util/rebuild_mixs_yaml.py	MIXS:0000775	http://w3id.org/mixs/terms
avg_temp	https://microbiomedata/schema/mixs	quantity value	https://github.com/microbiomedata/nmdc-schema/blob/issue-291-mixs-submod/util/rebuild_mixs_yaml.py	MIXS:0000142	http://w3id.org/mixs/terms
bac_prod	https://microbiomedata/schema/mixs	quantity value	https://github.com/microbiomedata/nmdc-schema/blob/issue-291-mixs-submod/util/rebuild_mixs_yaml.py	MIXS:0000683	http://w3id.org/mixs/terms
bac_resp	https://microbiomedata/schema/mixs	quantity value	https://github.com/microbiomedata/nmdc-schema/blob/issue-291-mixs-submod/util/rebuild_mixs_yaml.py	MIXS:0000684	http://w3id.org/mixs/terms
bacteria_carb_prod	https://microbiomedata/schema/mixs	quantity value	https://github.com/microbiomedata/nmdc-schema/blob/issue-291-mixs-submod/util/rebuild_mixs_yaml.py	MIXS:0000173	http://w3id.org/mixs/terms
barometric_press	https://microbiomedata/schema/mixs	quantity value	https://github.com/microbiomedata/nmdc-schema/blob/issue-291-mixs-submod/util/rebuild_mixs_yaml.py	MIXS:0000096	http://w3id.org/mixs/terms
basin	https://microbiomedata/schema/mixs	text value	https://github.com/microbiomedata/nmdc-schema/blob/issue-291-mixs-submod/util/rebuild_mixs_yaml.py	MIXS:0000290	http://w3id.org/mixs/terms
bathroom_count	https://microbiomedata/schema/mixs	text value	https://github.com/microbiomedata/nmdc-schema/blob/issue-291-mixs-submod/util/rebuild_mixs_yaml.py	MIXS:0000776	http://w3id.org/mixs/terms
bedroom_count	https://microbiomedata/schema/mixs	text value	https://github.com/microbiomedata/nmdc-schema/blob/issue-291-mixs-submod/util/rebuild_mixs_yaml.py	MIXS:0000777	http://w3id.org/mixs/terms
benzene	https://microbiomedata/schema/mixs	quantity value	https://github.com/microbiomedata/nmdc-schema/blob/issue-291-mixs-submod/util/rebuild_mixs_yaml.py	MIXS:0000153	http://w3id.org/mixs/terms
biochem_oxygen_dem	https://microbiomedata/schema/mixs	quantity value	https://github.com/microbiomedata/nmdc-schema/blob/issue-291-mixs-submod/util/rebuild_mixs_yaml.py	MIXS:0000653	http://w3id.org/mixs/terms
biocide	https://microbiomedata/schema/mixs	text value	https://github.com/microbiomedata/nmdc-schema/blob/issue-291-mixs-submod/util/rebuild_mixs_yaml.py	MIXS:0001011	http://w3id.org/mixs/terms
biocide_admin_method	https://microbiomedata/schema/mixs	quantity value	https://github.com/microbiomedata/nmdc-schema/blob/issue-291-mixs-submod/util/rebuild_mixs_yaml.py	MIXS:0000456	http://w3id.org/mixs/terms
biol_stat	https://microbiomedata/schema/mixs	text value	https://github.com/microbiomedata/nmdc-schema/blob/issue-291-mixs-submod/util/rebuild_mixs_yaml.py	MIXS:0000858	http://w3id.org/mixs/terms
biomass	https://microbiomedata/schema/mixs	quantity value	https://github.com/microbiomedata/nmdc-schema/blob/issue-291-mixs-submod/util/rebuild_mixs_yaml.py	MIXS:0000174	http://w3id.org/mixs/terms
biotic_regm	https://microbiomedata/schema/mixs	text value	https://github.com/microbiomedata/nmdc-schema/blob/issue-291-mixs-submod/util/rebuild_mixs_yaml.py	MIXS:0001038	http://w3id.org/mixs/terms
biotic_relationship	https://microbiomedata/schema/mixs	text value	https://github.com/microbiomedata/nmdc-schema/blob/issue-291-mixs-submod/util/rebuild_mixs_yaml.py	MIXS:0000028	http://w3id.org/mixs/terms
bishomohopanol	https://microbiomedata/schema/mixs	quantity value	https://github.com/microbiomedata/nmdc-schema/blob/issue-291-mixs-submod/util/rebuild_mixs_yaml.py	MIXS:0000175	http://w3id.org/mixs/terms
blood_press_diast	https://microbiomedata/schema/mixs	quantity value	https://github.com/microbiomedata/nmdc-schema/blob/issue-291-mixs-submod/util/rebuild_mixs_yaml.py	MIXS:0000258	http://w3id.org/mixs/terms
blood_press_syst	https://microbiomedata/schema/mixs	quantity value	https://github.com/microbiomedata/nmdc-schema/blob/issue-291-mixs-submod/util/rebuild_mixs_yaml.py	MIXS:0000259	http://w3id.org/mixs/terms
bromide	https://microbiomedata/schema/mixs	quantity value	https://github.com/microbiomedata/nmdc-schema/blob/issue-291-mixs-submod/util/rebuild_mixs_yaml.py	MIXS:0000176	http://w3id.org/mixs/terms
build_docs	https://microbiomedata/schema/mixs	text value	https://github.com/microbiomedata/nmdc-schema/blob/issue-291-mixs-submod/util/rebuild_mixs_yaml.py	MIXS:0000787	http://w3id.org/mixs/terms
build_occup_type	https://microbiomedata/schema/mixs	text value	https://github.com/microbiomedata/nmdc-schema/blob/issue-291-mixs-submod/util/rebuild_mixs_yaml.py	MIXS:0000761	http://w3id.org/mixs/terms
building_setting	https://microbiomedata/schema/mixs	text value	https://github.com/microbiomedata/nmdc-schema/blob/issue-291-mixs-submod/util/rebuild_mixs_yaml.py	MIXS:0000768	http://w3id.org/mixs/terms
built_struc_age	https://microbiomedata/schema/mixs	quantity value	https://github.com/microbiomedata/nmdc-schema/blob/issue-291-mixs-submod/util/rebuild_mixs_yaml.py	MIXS:0000145	http://w3id.org/mixs/terms
built_struc_set	https://microbiomedata/schema/mixs	text value	https://github.com/microbiomedata/nmdc-schema/blob/issue-291-mixs-submod/util/rebuild_mixs_yaml.py	MIXS:0000778	http://w3id.org/mixs/terms
built_struc_type	https://microbiomedata/schema/mixs	text value	https://github.com/microbiomedata/nmdc-schema/blob/issue-291-mixs-submod/util/rebuild_mixs_yaml.py	MIXS:0000721	http://w3id.org/mixs/terms
calcium	https://microbiomedata/schema/mixs	quantity value	https://github.com/microbiomedata/nmdc-schema/blob/issue-291-mixs-submod/util/rebuild_mixs_yaml.py	MIXS:0000432	http://w3id.org/mixs/terms
carb_dioxide	https://microbiomedata/schema/mixs	quantity value	https://github.com/microbiomedata/nmdc-schema/blob/issue-291-mixs-submod/util/rebuild_mixs_yaml.py	MIXS:0000097	http://w3id.org/mixs/terms
carb_monoxide	https://microbiomedata/schema/mixs	quantity value	https://github.com/microbiomedata/nmdc-schema/blob/issue-291-mixs-submod/util/rebuild_mixs_yaml.py	MIXS:0000098	http://w3id.org/mixs/terms
carb_nitro_ratio	https://microbiomedata/schema/mixs	quantity value	https://github.com/microbiomedata/nmdc-schema/blob/issue-291-mixs-submod/util/rebuild_mixs_yaml.py	MIXS:0000310	http://w3id.org/mixs/terms
ceil_area	https://microbiomedata/schema/mixs	quantity value	https://github.com/microbiomedata/nmdc-schema/blob/issue-291-mixs-submod/util/rebuild_mixs_yaml.py	MIXS:0000148	http://w3id.org/mixs/terms
ceil_cond	https://microbiomedata/schema/mixs	text value	https://github.com/microbiomedata/nmdc-schema/blob/issue-291-mixs-submod/util/rebuild_mixs_yaml.py	MIXS:0000779	http://w3id.org/mixs/terms
ceil_finish_mat	https://microbiomedata/schema/mixs	text value	https://github.com/microbiomedata/nmdc-schema/blob/issue-291-mixs-submod/util/rebuild_mixs_yaml.py	MIXS:0000780	http://w3id.org/mixs/terms
ceil_struc	https://microbiomedata/schema/mixs	text value	https://github.com/microbiomedata/nmdc-schema/blob/issue-291-mixs-submod/util/rebuild_mixs_yaml.py	MIXS:0000782	http://w3id.org/mixs/terms
ceil_texture	https://microbiomedata/schema/mixs	text value	https://github.com/microbiomedata/nmdc-schema/blob/issue-291-mixs-submod/util/rebuild_mixs_yaml.py	MIXS:0000783	http://w3id.org/mixs/terms
ceil_thermal_mass	https://microbiomedata/schema/mixs	quantity value	https://github.com/microbiomedata/nmdc-schema/blob/issue-291-mixs-submod/util/rebuild_mixs_yaml.py	MIXS:0000143	http://w3id.org/mixs/terms
ceil_type	https://microbiomedata/schema/mixs	text value	https://github.com/microbiomedata/nmdc-schema/blob/issue-291-mixs-submod/util/rebuild_mixs_yaml.py	MIXS:0000784	http://w3id.org/mixs/terms
ceil_water_mold	https://microbiomedata/schema/mixs	text value	https://github.com/microbiomedata/nmdc-schema/blob/issue-291-mixs-submod/util/rebuild_mixs_yaml.py	MIXS:0000781	http://w3id.org/mixs/terms
chem_administration	https://microbiomedata/schema/mixs	controlled term value	https://github.com/microbiomedata/nmdc-schema/blob/issue-291-mixs-submod/util/rebuild_mixs_yaml.py	MIXS:0000751	http://w3id.org/mixs/terms
chem_mutagen	https://microbiomedata/schema/mixs	quantity value	https://github.com/microbiomedata/nmdc-schema/blob/issue-291-mixs-submod/util/rebuild_mixs_yaml.py	MIXS:0000555	http://w3id.org/mixs/terms
chem_oxygen_dem	https://microbiomedata/schema/mixs	quantity value	https://github.com/microbiomedata/nmdc-schema/blob/issue-291-mixs-submod/util/rebuild_mixs_yaml.py	MIXS:0000656	http://w3id.org/mixs/terms
chem_treat_method	https://microbiomedata/schema/mixs	string	https://github.com/microbiomedata/nmdc-schema/blob/issue-291-mixs-submod/util/rebuild_mixs_yaml.py	MIXS:0000457	http://w3id.org/mixs/terms
chem_treatment	https://microbiomedata/schema/mixs	text value	https://github.com/microbiomedata/nmdc-schema/blob/issue-291-mixs-submod/util/rebuild_mixs_yaml.py	MIXS:0001012	http://w3id.org/mixs/terms
chimera_check	https://microbiomedata/schema/mixs	text value	https://github.com/microbiomedata/nmdc-schema/blob/issue-291-mixs-submod/util/rebuild_mixs_yaml.py	MIXS:0000052	http://w3id.org/mixs/terms
chloride	https://microbiomedata/schema/mixs	quantity value	https://github.com/microbiomedata/nmdc-schema/blob/issue-291-mixs-submod/util/rebuild_mixs_yaml.py	MIXS:0000429	http://w3id.org/mixs/terms
chlorophyll	https://microbiomedata/schema/mixs	quantity value	https://github.com/microbiomedata/nmdc-schema/blob/issue-291-mixs-submod/util/rebuild_mixs_yaml.py	MIXS:0000177	http://w3id.org/mixs/terms
climate_environment	https://microbiomedata/schema/mixs	text value	https://github.com/microbiomedata/nmdc-schema/blob/issue-291-mixs-submod/util/rebuild_mixs_yaml.py	MIXS:0001040	http://w3id.org/mixs/terms
collection_date	https://microbiomedata/schema/mixs	timestamp value	https://github.com/microbiomedata/nmdc-schema/blob/issue-291-mixs-submod/util/rebuild_mixs_yaml.py	MIXS:0000011	http://w3id.org/mixs/terms
conduc	https://microbiomedata/schema/mixs	quantity value	https://github.com/microbiomedata/nmdc-schema/blob/issue-291-mixs-submod/util/rebuild_mixs_yaml.py	MIXS:0000692	http://w3id.org/mixs/terms
cool_syst_id	https://microbiomedata/schema/mixs	text value	https://github.com/microbiomedata/nmdc-schema/blob/issue-291-mixs-submod/util/rebuild_mixs_yaml.py	MIXS:0000785	http://w3id.org/mixs/terms
core field	https://microbiomedata/schema/mixs		https://github.com/microbiomedata/nmdc-schema/blob/issue-291-mixs-submod/util/rebuild_mixs_yaml.py		
crop_rotation	https://microbiomedata/schema/mixs	text value	https://github.com/microbiomedata/nmdc-schema/blob/issue-291-mixs-submod/util/rebuild_mixs_yaml.py	MIXS:0000318	http://w3id.org/mixs/terms
cult_root_med	https://microbiomedata/schema/mixs	text value	https://github.com/microbiomedata/nmdc-schema/blob/issue-291-mixs-submod/util/rebuild_mixs_yaml.py	MIXS:0001041	http://w3id.org/mixs/terms
cur_land_use	https://microbiomedata/schema/mixs	text value	https://github.com/microbiomedata/nmdc-schema/blob/issue-291-mixs-submod/util/rebuild_mixs_yaml.py	MIXS:0001080	http://w3id.org/mixs/terms
cur_vegetation	https://microbiomedata/schema/mixs	text value	https://github.com/microbiomedata/nmdc-schema/blob/issue-291-mixs-submod/util/rebuild_mixs_yaml.py	MIXS:0000312	http://w3id.org/mixs/terms
cur_vegetation_meth	https://microbiomedata/schema/mixs	text value	https://github.com/microbiomedata/nmdc-schema/blob/issue-291-mixs-submod/util/rebuild_mixs_yaml.py	MIXS:0000314	http://w3id.org/mixs/terms
date_last_rain	https://microbiomedata/schema/mixs	timestamp value	https://github.com/microbiomedata/nmdc-schema/blob/issue-291-mixs-submod/util/rebuild_mixs_yaml.py	MIXS:0000786	http://w3id.org/mixs/terms
density	https://microbiomedata/schema/mixs	quantity value	https://github.com/microbiomedata/nmdc-schema/blob/issue-291-mixs-submod/util/rebuild_mixs_yaml.py	MIXS:0000435	http://w3id.org/mixs/terms
depos_env	https://microbiomedata/schema/mixs	text value	https://github.com/microbiomedata/nmdc-schema/blob/issue-291-mixs-submod/util/rebuild_mixs_yaml.py	MIXS:0000992	http://w3id.org/mixs/terms
depth	https://microbiomedata/schema/mixs	quantity value	https://github.com/microbiomedata/nmdc-schema/blob/issue-291-mixs-submod/util/rebuild_mixs_yaml.py	MIXS:0000018	http://w3id.org/mixs/terms
dew_point	https://microbiomedata/schema/mixs	quantity value	https://github.com/microbiomedata/nmdc-schema/blob/issue-291-mixs-submod/util/rebuild_mixs_yaml.py	MIXS:0000129	http://w3id.org/mixs/terms
diether_lipids	https://microbiomedata/schema/mixs	quantity value	https://github.com/microbiomedata/nmdc-schema/blob/issue-291-mixs-submod/util/rebuild_mixs_yaml.py	MIXS:0000178	http://w3id.org/mixs/terms
diss_carb_dioxide	https://microbiomedata/schema/mixs	quantity value	https://github.com/microbiomedata/nmdc-schema/blob/issue-291-mixs-submod/util/rebuild_mixs_yaml.py	MIXS:0000436	http://w3id.org/mixs/terms
diss_hydrogen	https://microbiomedata/schema/mixs	quantity value	https://github.com/microbiomedata/nmdc-schema/blob/issue-291-mixs-submod/util/rebuild_mixs_yaml.py	MIXS:0000179	http://w3id.org/mixs/terms
diss_inorg_carb	https://microbiomedata/schema/mixs	quantity value	https://github.com/microbiomedata/nmdc-schema/blob/issue-291-mixs-submod/util/rebuild_mixs_yaml.py	MIXS:0000434	http://w3id.org/mixs/terms
diss_inorg_nitro	https://microbiomedata/schema/mixs	quantity value	https://github.com/microbiomedata/nmdc-schema/blob/issue-291-mixs-submod/util/rebuild_mixs_yaml.py	MIXS:0000698	http://w3id.org/mixs/terms
diss_inorg_phosp	https://microbiomedata/schema/mixs	quantity value	https://github.com/microbiomedata/nmdc-schema/blob/issue-291-mixs-submod/util/rebuild_mixs_yaml.py	MIXS:0000106	http://w3id.org/mixs/terms
diss_iron	https://microbiomedata/schema/mixs	quantity value	https://github.com/microbiomedata/nmdc-schema/blob/issue-291-mixs-submod/util/rebuild_mixs_yaml.py	MIXS:0000139	http://w3id.org/mixs/terms
diss_org_carb	https://microbiomedata/schema/mixs	quantity value	https://github.com/microbiomedata/nmdc-schema/blob/issue-291-mixs-submod/util/rebuild_mixs_yaml.py	MIXS:0000433	http://w3id.org/mixs/terms
diss_org_nitro	https://microbiomedata/schema/mixs	quantity value	https://github.com/microbiomedata/nmdc-schema/blob/issue-291-mixs-submod/util/rebuild_mixs_yaml.py	MIXS:0000162	http://w3id.org/mixs/terms
diss_oxygen	https://microbiomedata/schema/mixs	quantity value	https://github.com/microbiomedata/nmdc-schema/blob/issue-291-mixs-submod/util/rebuild_mixs_yaml.py	MIXS:0000119	http://w3id.org/mixs/terms
diss_oxygen_fluid	https://microbiomedata/schema/mixs	quantity value	https://github.com/microbiomedata/nmdc-schema/blob/issue-291-mixs-submod/util/rebuild_mixs_yaml.py	MIXS:0000438	http://w3id.org/mixs/terms
door_comp_type	https://microbiomedata/schema/mixs	text value	https://github.com/microbiomedata/nmdc-schema/blob/issue-291-mixs-submod/util/rebuild_mixs_yaml.py	MIXS:0000795	http://w3id.org/mixs/terms
door_cond	https://microbiomedata/schema/mixs	text value	https://github.com/microbiomedata/nmdc-schema/blob/issue-291-mixs-submod/util/rebuild_mixs_yaml.py	MIXS:0000788	http://w3id.org/mixs/terms
door_direct	https://microbiomedata/schema/mixs	text value	https://github.com/microbiomedata/nmdc-schema/blob/issue-291-mixs-submod/util/rebuild_mixs_yaml.py	MIXS:0000789	http://w3id.org/mixs/terms
door_loc	https://microbiomedata/schema/mixs	text value	https://github.com/microbiomedata/nmdc-schema/blob/issue-291-mixs-submod/util/rebuild_mixs_yaml.py	MIXS:0000790	http://w3id.org/mixs/terms
door_mat	https://microbiomedata/schema/mixs	text value	https://github.com/microbiomedata/nmdc-schema/blob/issue-291-mixs-submod/util/rebuild_mixs_yaml.py	MIXS:0000791	http://w3id.org/mixs/terms
door_move	https://microbiomedata/schema/mixs	text value	https://github.com/microbiomedata/nmdc-schema/blob/issue-291-mixs-submod/util/rebuild_mixs_yaml.py	MIXS:0000792	http://w3id.org/mixs/terms
door_size	https://microbiomedata/schema/mixs	quantity value	https://github.com/microbiomedata/nmdc-schema/blob/issue-291-mixs-submod/util/rebuild_mixs_yaml.py	MIXS:0000158	http://w3id.org/mixs/terms
door_type	https://microbiomedata/schema/mixs	text value	https://github.com/microbiomedata/nmdc-schema/blob/issue-291-mixs-submod/util/rebuild_mixs_yaml.py	MIXS:0000794	http://w3id.org/mixs/terms
door_type_metal	https://microbiomedata/schema/mixs	text value	https://github.com/microbiomedata/nmdc-schema/blob/issue-291-mixs-submod/util/rebuild_mixs_yaml.py	MIXS:0000796	http://w3id.org/mixs/terms
door_type_wood	https://microbiomedata/schema/mixs	text value	https://github.com/microbiomedata/nmdc-schema/blob/issue-291-mixs-submod/util/rebuild_mixs_yaml.py	MIXS:0000797	http://w3id.org/mixs/terms
door_water_mold	https://microbiomedata/schema/mixs	text value	https://github.com/microbiomedata/nmdc-schema/blob/issue-291-mixs-submod/util/rebuild_mixs_yaml.py	MIXS:0000793	http://w3id.org/mixs/terms
down_par	https://microbiomedata/schema/mixs	quantity value	https://github.com/microbiomedata/nmdc-schema/blob/issue-291-mixs-submod/util/rebuild_mixs_yaml.py	MIXS:0000703	http://w3id.org/mixs/terms
drainage_class	https://microbiomedata/schema/mixs	text value	https://github.com/microbiomedata/nmdc-schema/blob/issue-291-mixs-submod/util/rebuild_mixs_yaml.py	MIXS:0001085	http://w3id.org/mixs/terms
drawings	https://microbiomedata/schema/mixs	text value	https://github.com/microbiomedata/nmdc-schema/blob/issue-291-mixs-submod/util/rebuild_mixs_yaml.py	MIXS:0000798	http://w3id.org/mixs/terms
efficiency_percent	https://microbiomedata/schema/mixs	quantity value	https://github.com/microbiomedata/nmdc-schema/blob/issue-291-mixs-submod/util/rebuild_mixs_yaml.py	MIXS:0000657	http://w3id.org/mixs/terms
elev	https://microbiomedata/schema/mixs	quantity value	https://github.com/microbiomedata/nmdc-schema/blob/issue-291-mixs-submod/util/rebuild_mixs_yaml.py	MIXS:0000093	http://w3id.org/mixs/terms
elevator	https://microbiomedata/schema/mixs	text value	https://github.com/microbiomedata/nmdc-schema/blob/issue-291-mixs-submod/util/rebuild_mixs_yaml.py	MIXS:0000799	http://w3id.org/mixs/terms
emulsions	https://microbiomedata/schema/mixs	quantity value	https://github.com/microbiomedata/nmdc-schema/blob/issue-291-mixs-submod/util/rebuild_mixs_yaml.py	MIXS:0000660	http://w3id.org/mixs/terms
env_broad_scale	https://microbiomedata/schema/mixs	controlled term value	https://github.com/microbiomedata/nmdc-schema/blob/issue-291-mixs-submod/util/rebuild_mixs_yaml.py	MIXS:0000012	http://w3id.org/mixs/terms
env_local_scale	https://microbiomedata/schema/mixs	controlled term value	https://github.com/microbiomedata/nmdc-schema/blob/issue-291-mixs-submod/util/rebuild_mixs_yaml.py	MIXS:0000013	http://w3id.org/mixs/terms
env_medium	https://microbiomedata/schema/mixs	controlled term value	https://github.com/microbiomedata/nmdc-schema/blob/issue-291-mixs-submod/util/rebuild_mixs_yaml.py	MIXS:0000014	http://w3id.org/mixs/terms
env_package	https://microbiomedata/schema/mixs	text value	https://github.com/microbiomedata/nmdc-schema/blob/issue-291-mixs-submod/util/rebuild_mixs_yaml.py		https://microbiomedata/schema/mixs
environment field	https://microbiomedata/schema/mixs		https://github.com/microbiomedata/nmdc-schema/blob/issue-291-mixs-submod/util/rebuild_mixs_yaml.py		
escalator	https://microbiomedata/schema/mixs	text value	https://github.com/microbiomedata/nmdc-schema/blob/issue-291-mixs-submod/util/rebuild_mixs_yaml.py	MIXS:0000800	http://w3id.org/mixs/terms
ethylbenzene	https://microbiomedata/schema/mixs	quantity value	https://github.com/microbiomedata/nmdc-schema/blob/issue-291-mixs-submod/util/rebuild_mixs_yaml.py	MIXS:0000155	http://w3id.org/mixs/terms
exp_duct	https://microbiomedata/schema/mixs	quantity value	https://github.com/microbiomedata/nmdc-schema/blob/issue-291-mixs-submod/util/rebuild_mixs_yaml.py	MIXS:0000144	http://w3id.org/mixs/terms
exp_pipe	https://microbiomedata/schema/mixs	quantity value	https://github.com/microbiomedata/nmdc-schema/blob/issue-291-mixs-submod/util/rebuild_mixs_yaml.py	MIXS:0000220	http://w3id.org/mixs/terms
experimental_factor	https://microbiomedata/schema/mixs	controlled term value	https://github.com/microbiomedata/nmdc-schema/blob/issue-291-mixs-submod/util/rebuild_mixs_yaml.py	MIXS:0000008	http://w3id.org/mixs/terms
ext_door	https://microbiomedata/schema/mixs	text value	https://github.com/microbiomedata/nmdc-schema/blob/issue-291-mixs-submod/util/rebuild_mixs_yaml.py	MIXS:0000170	http://w3id.org/mixs/terms
ext_wall_orient	https://microbiomedata/schema/mixs	text value	https://github.com/microbiomedata/nmdc-schema/blob/issue-291-mixs-submod/util/rebuild_mixs_yaml.py	MIXS:0000817	http://w3id.org/mixs/terms
ext_window_orient	https://microbiomedata/schema/mixs	text value	https://github.com/microbiomedata/nmdc-schema/blob/issue-291-mixs-submod/util/rebuild_mixs_yaml.py	MIXS:0000818	http://w3id.org/mixs/terms
extreme_event	https://microbiomedata/schema/mixs	timestamp value	https://github.com/microbiomedata/nmdc-schema/blob/issue-291-mixs-submod/util/rebuild_mixs_yaml.py	MIXS:0000320	http://w3id.org/mixs/terms
fao_class	https://microbiomedata/schema/mixs	text value	https://github.com/microbiomedata/nmdc-schema/blob/issue-291-mixs-submod/util/rebuild_mixs_yaml.py	MIXS:0001083	http://w3id.org/mixs/terms
fertilizer_regm	https://microbiomedata/schema/mixs	quantity value	https://github.com/microbiomedata/nmdc-schema/blob/issue-291-mixs-submod/util/rebuild_mixs_yaml.py	MIXS:0000556	http://w3id.org/mixs/terms
field	https://microbiomedata/schema/mixs	text value	https://github.com/microbiomedata/nmdc-schema/blob/issue-291-mixs-submod/util/rebuild_mixs_yaml.py	MIXS:0000291	http://w3id.org/mixs/terms
filter_type	https://microbiomedata/schema/mixs	text value	https://github.com/microbiomedata/nmdc-schema/blob/issue-291-mixs-submod/util/rebuild_mixs_yaml.py	MIXS:0000765	http://w3id.org/mixs/terms
fire	https://microbiomedata/schema/mixs	timestamp value	https://github.com/microbiomedata/nmdc-schema/blob/issue-291-mixs-submod/util/rebuild_mixs_yaml.py	MIXS:0001086	http://w3id.org/mixs/terms
fireplace_type	https://microbiomedata/schema/mixs	text value	https://github.com/microbiomedata/nmdc-schema/blob/issue-291-mixs-submod/util/rebuild_mixs_yaml.py	MIXS:0000802	http://w3id.org/mixs/terms
flooding	https://microbiomedata/schema/mixs	timestamp value	https://github.com/microbiomedata/nmdc-schema/blob/issue-291-mixs-submod/util/rebuild_mixs_yaml.py	MIXS:0000319	http://w3id.org/mixs/terms
floor_age	https://microbiomedata/schema/mixs	quantity value	https://github.com/microbiomedata/nmdc-schema/blob/issue-291-mixs-submod/util/rebuild_mixs_yaml.py	MIXS:0000164	http://w3id.org/mixs/terms
floor_area	https://microbiomedata/schema/mixs	quantity value	https://github.com/microbiomedata/nmdc-schema/blob/issue-291-mixs-submod/util/rebuild_mixs_yaml.py	MIXS:0000165	http://w3id.org/mixs/terms
floor_cond	https://microbiomedata/schema/mixs	text value	https://github.com/microbiomedata/nmdc-schema/blob/issue-291-mixs-submod/util/rebuild_mixs_yaml.py	MIXS:0000803	http://w3id.org/mixs/terms
floor_count	https://microbiomedata/schema/mixs	text value	https://github.com/microbiomedata/nmdc-schema/blob/issue-291-mixs-submod/util/rebuild_mixs_yaml.py	MIXS:0000225	http://w3id.org/mixs/terms
floor_finish_mat	https://microbiomedata/schema/mixs	text value	https://github.com/microbiomedata/nmdc-schema/blob/issue-291-mixs-submod/util/rebuild_mixs_yaml.py	MIXS:0000804	http://w3id.org/mixs/terms
floor_struc	https://microbiomedata/schema/mixs	text value	https://github.com/microbiomedata/nmdc-schema/blob/issue-291-mixs-submod/util/rebuild_mixs_yaml.py	MIXS:0000806	http://w3id.org/mixs/terms
floor_thermal_mass	https://microbiomedata/schema/mixs	quantity value	https://github.com/microbiomedata/nmdc-schema/blob/issue-291-mixs-submod/util/rebuild_mixs_yaml.py	MIXS:0000166	http://w3id.org/mixs/terms
floor_water_mold	https://microbiomedata/schema/mixs	text value	https://github.com/microbiomedata/nmdc-schema/blob/issue-291-mixs-submod/util/rebuild_mixs_yaml.py	MIXS:0000805	http://w3id.org/mixs/terms
fluor	https://microbiomedata/schema/mixs	quantity value	https://github.com/microbiomedata/nmdc-schema/blob/issue-291-mixs-submod/util/rebuild_mixs_yaml.py	MIXS:0000704	http://w3id.org/mixs/terms
freq_clean	https://microbiomedata/schema/mixs	quantity value	https://github.com/microbiomedata/nmdc-schema/blob/issue-291-mixs-submod/util/rebuild_mixs_yaml.py	MIXS:0000226	http://w3id.org/mixs/terms
freq_cook	https://microbiomedata/schema/mixs	quantity value	https://github.com/microbiomedata/nmdc-schema/blob/issue-291-mixs-submod/util/rebuild_mixs_yaml.py	MIXS:0000227	http://w3id.org/mixs/terms
fungicide_regm	https://microbiomedata/schema/mixs	quantity value	https://github.com/microbiomedata/nmdc-schema/blob/issue-291-mixs-submod/util/rebuild_mixs_yaml.py	MIXS:0000557	http://w3id.org/mixs/terms
furniture	https://microbiomedata/schema/mixs	text value	https://github.com/microbiomedata/nmdc-schema/blob/issue-291-mixs-submod/util/rebuild_mixs_yaml.py	MIXS:0000807	http://w3id.org/mixs/terms
gaseous_environment	https://microbiomedata/schema/mixs	quantity value	https://github.com/microbiomedata/nmdc-schema/blob/issue-291-mixs-submod/util/rebuild_mixs_yaml.py	MIXS:0000558	http://w3id.org/mixs/terms
gaseous_substances	https://microbiomedata/schema/mixs	quantity value	https://github.com/microbiomedata/nmdc-schema/blob/issue-291-mixs-submod/util/rebuild_mixs_yaml.py	MIXS:0000661	http://w3id.org/mixs/terms
gender_restroom	https://microbiomedata/schema/mixs	text value	https://github.com/microbiomedata/nmdc-schema/blob/issue-291-mixs-submod/util/rebuild_mixs_yaml.py	MIXS:0000808	http://w3id.org/mixs/terms
genetic_mod	https://microbiomedata/schema/mixs	text value	https://github.com/microbiomedata/nmdc-schema/blob/issue-291-mixs-submod/util/rebuild_mixs_yaml.py	MIXS:0000859	http://w3id.org/mixs/terms
geo_loc_name	https://microbiomedata/schema/mixs	text value	https://github.com/microbiomedata/nmdc-schema/blob/issue-291-mixs-submod/util/rebuild_mixs_yaml.py	MIXS:0000010	http://w3id.org/mixs/terms
glucosidase_act	https://microbiomedata/schema/mixs	quantity value	https://github.com/microbiomedata/nmdc-schema/blob/issue-291-mixs-submod/util/rebuild_mixs_yaml.py	MIXS:0000137	http://w3id.org/mixs/terms
gravidity	https://microbiomedata/schema/mixs	text value	https://github.com/microbiomedata/nmdc-schema/blob/issue-291-mixs-submod/util/rebuild_mixs_yaml.py	MIXS:0000875	http://w3id.org/mixs/terms
gravity	https://microbiomedata/schema/mixs	quantity value	https://github.com/microbiomedata/nmdc-schema/blob/issue-291-mixs-submod/util/rebuild_mixs_yaml.py	MIXS:0000559	http://w3id.org/mixs/terms
growth_facil	https://microbiomedata/schema/mixs	controlled term value	https://github.com/microbiomedata/nmdc-schema/blob/issue-291-mixs-submod/util/rebuild_mixs_yaml.py	MIXS:0001043	http://w3id.org/mixs/terms
growth_habit	https://microbiomedata/schema/mixs	text value	https://github.com/microbiomedata/nmdc-schema/blob/issue-291-mixs-submod/util/rebuild_mixs_yaml.py	MIXS:0001044	http://w3id.org/mixs/terms
growth_hormone_regm	https://microbiomedata/schema/mixs	quantity value	https://github.com/microbiomedata/nmdc-schema/blob/issue-291-mixs-submod/util/rebuild_mixs_yaml.py	MIXS:0000560	http://w3id.org/mixs/terms
hall_count	https://microbiomedata/schema/mixs	text value	https://github.com/microbiomedata/nmdc-schema/blob/issue-291-mixs-submod/util/rebuild_mixs_yaml.py	MIXS:0000228	http://w3id.org/mixs/terms
handidness	https://microbiomedata/schema/mixs	text value	https://github.com/microbiomedata/nmdc-schema/blob/issue-291-mixs-submod/util/rebuild_mixs_yaml.py	MIXS:0000809	http://w3id.org/mixs/terms
hc_produced	https://microbiomedata/schema/mixs	text value	https://github.com/microbiomedata/nmdc-schema/blob/issue-291-mixs-submod/util/rebuild_mixs_yaml.py	MIXS:0000989	http://w3id.org/mixs/terms
hcr	https://microbiomedata/schema/mixs	text value	https://github.com/microbiomedata/nmdc-schema/blob/issue-291-mixs-submod/util/rebuild_mixs_yaml.py	MIXS:0000988	http://w3id.org/mixs/terms
hcr_fw_salinity	https://microbiomedata/schema/mixs	quantity value	https://github.com/microbiomedata/nmdc-schema/blob/issue-291-mixs-submod/util/rebuild_mixs_yaml.py	MIXS:0000406	http://w3id.org/mixs/terms
hcr_geol_age	https://microbiomedata/schema/mixs	text value	https://github.com/microbiomedata/nmdc-schema/blob/issue-291-mixs-submod/util/rebuild_mixs_yaml.py	MIXS:0000993	http://w3id.org/mixs/terms
hcr_pressure	https://microbiomedata/schema/mixs	quantity value	https://github.com/microbiomedata/nmdc-schema/blob/issue-291-mixs-submod/util/rebuild_mixs_yaml.py	MIXS:0000395	http://w3id.org/mixs/terms
hcr_temp	https://microbiomedata/schema/mixs	quantity value	https://github.com/microbiomedata/nmdc-schema/blob/issue-291-mixs-submod/util/rebuild_mixs_yaml.py	MIXS:0000393	http://w3id.org/mixs/terms
heat_cool_type	https://microbiomedata/schema/mixs	text value	https://github.com/microbiomedata/nmdc-schema/blob/issue-291-mixs-submod/util/rebuild_mixs_yaml.py	MIXS:0000766	http://w3id.org/mixs/terms
heat_deliv_loc	https://microbiomedata/schema/mixs	text value	https://github.com/microbiomedata/nmdc-schema/blob/issue-291-mixs-submod/util/rebuild_mixs_yaml.py	MIXS:0000810	http://w3id.org/mixs/terms
heat_sys_deliv_meth	https://microbiomedata/schema/mixs	string	https://github.com/microbiomedata/nmdc-schema/blob/issue-291-mixs-submod/util/rebuild_mixs_yaml.py	MIXS:0000812	http://w3id.org/mixs/terms
heat_system_id	https://microbiomedata/schema/mixs	text value	https://github.com/microbiomedata/nmdc-schema/blob/issue-291-mixs-submod/util/rebuild_mixs_yaml.py	MIXS:0000833	http://w3id.org/mixs/terms
heavy_metals	https://microbiomedata/schema/mixs	quantity value	https://github.com/microbiomedata/nmdc-schema/blob/issue-291-mixs-submod/util/rebuild_mixs_yaml.py	MIXS:0000652	http://w3id.org/mixs/terms
heavy_metals_meth	https://microbiomedata/schema/mixs	text value	https://github.com/microbiomedata/nmdc-schema/blob/issue-291-mixs-submod/util/rebuild_mixs_yaml.py	MIXS:0000343	http://w3id.org/mixs/terms
height_carper_fiber	https://microbiomedata/schema/mixs	quantity value	https://github.com/microbiomedata/nmdc-schema/blob/issue-291-mixs-submod/util/rebuild_mixs_yaml.py	MIXS:0000167	http://w3id.org/mixs/terms
herbicide_regm	https://microbiomedata/schema/mixs	quantity value	https://github.com/microbiomedata/nmdc-schema/blob/issue-291-mixs-submod/util/rebuild_mixs_yaml.py	MIXS:0000561	http://w3id.org/mixs/terms
horizon	https://microbiomedata/schema/mixs	text value	https://github.com/microbiomedata/nmdc-schema/blob/issue-291-mixs-submod/util/rebuild_mixs_yaml.py	MIXS:0001082	http://w3id.org/mixs/terms
horizon_meth	https://microbiomedata/schema/mixs	text value	https://github.com/microbiomedata/nmdc-schema/blob/issue-291-mixs-submod/util/rebuild_mixs_yaml.py	MIXS:0000321	http://w3id.org/mixs/terms
host_age	https://microbiomedata/schema/mixs	quantity value	https://github.com/microbiomedata/nmdc-schema/blob/issue-291-mixs-submod/util/rebuild_mixs_yaml.py	MIXS:0000255	http://w3id.org/mixs/terms
host_body_habitat	https://microbiomedata/schema/mixs	text value	https://github.com/microbiomedata/nmdc-schema/blob/issue-291-mixs-submod/util/rebuild_mixs_yaml.py	MIXS:0000866	http://w3id.org/mixs/terms
host_body_product	https://microbiomedata/schema/mixs	controlled term value	https://github.com/microbiomedata/nmdc-schema/blob/issue-291-mixs-submod/util/rebuild_mixs_yaml.py	MIXS:0000888	http://w3id.org/mixs/terms
host_body_site	https://microbiomedata/schema/mixs	controlled term value	https://github.com/microbiomedata/nmdc-schema/blob/issue-291-mixs-submod/util/rebuild_mixs_yaml.py	MIXS:0000867	http://w3id.org/mixs/terms
host_body_temp	https://microbiomedata/schema/mixs	quantity value	https://github.com/microbiomedata/nmdc-schema/blob/issue-291-mixs-submod/util/rebuild_mixs_yaml.py	MIXS:0000274	http://w3id.org/mixs/terms
host_color	https://microbiomedata/schema/mixs	text value	https://github.com/microbiomedata/nmdc-schema/blob/issue-291-mixs-submod/util/rebuild_mixs_yaml.py	MIXS:0000260	http://w3id.org/mixs/terms
host_common_name	https://microbiomedata/schema/mixs	text value	https://github.com/microbiomedata/nmdc-schema/blob/issue-291-mixs-submod/util/rebuild_mixs_yaml.py	MIXS:0000248	http://w3id.org/mixs/terms
host_diet	https://microbiomedata/schema/mixs	text value	https://github.com/microbiomedata/nmdc-schema/blob/issue-291-mixs-submod/util/rebuild_mixs_yaml.py	MIXS:0000869	http://w3id.org/mixs/terms
host_dry_mass	https://microbiomedata/schema/mixs	quantity value	https://github.com/microbiomedata/nmdc-schema/blob/issue-291-mixs-submod/util/rebuild_mixs_yaml.py	MIXS:0000257	http://w3id.org/mixs/terms
host_family_relation	https://microbiomedata/schema/mixs	string	https://github.com/microbiomedata/nmdc-schema/blob/issue-291-mixs-submod/util/rebuild_mixs_yaml.py	MIXS:0000872	http://w3id.org/mixs/terms
host_genotype	https://microbiomedata/schema/mixs	text value	https://github.com/microbiomedata/nmdc-schema/blob/issue-291-mixs-submod/util/rebuild_mixs_yaml.py	MIXS:0000365	http://w3id.org/mixs/terms
host_growth_cond	https://microbiomedata/schema/mixs	text value	https://github.com/microbiomedata/nmdc-schema/blob/issue-291-mixs-submod/util/rebuild_mixs_yaml.py	MIXS:0000871	http://w3id.org/mixs/terms
host_height	https://microbiomedata/schema/mixs	quantity value	https://github.com/microbiomedata/nmdc-schema/blob/issue-291-mixs-submod/util/rebuild_mixs_yaml.py	MIXS:0000264	http://w3id.org/mixs/terms
host_last_meal	https://microbiomedata/schema/mixs	text value	https://github.com/microbiomedata/nmdc-schema/blob/issue-291-mixs-submod/util/rebuild_mixs_yaml.py	MIXS:0000870	http://w3id.org/mixs/terms
host_length	https://microbiomedata/schema/mixs	quantity value	https://github.com/microbiomedata/nmdc-schema/blob/issue-291-mixs-submod/util/rebuild_mixs_yaml.py	MIXS:0000256	http://w3id.org/mixs/terms
host_life_stage	https://microbiomedata/schema/mixs	text value	https://github.com/microbiomedata/nmdc-schema/blob/issue-291-mixs-submod/util/rebuild_mixs_yaml.py	MIXS:0000251	http://w3id.org/mixs/terms
host_phenotype	https://microbiomedata/schema/mixs	controlled term value	https://github.com/microbiomedata/nmdc-schema/blob/issue-291-mixs-submod/util/rebuild_mixs_yaml.py	MIXS:0000874	http://w3id.org/mixs/terms
host_sex	https://microbiomedata/schema/mixs	text value	https://github.com/microbiomedata/nmdc-schema/blob/issue-291-mixs-submod/util/rebuild_mixs_yaml.py	MIXS:0000811	http://w3id.org/mixs/terms
host_shape	https://microbiomedata/schema/mixs	text value	https://github.com/microbiomedata/nmdc-schema/blob/issue-291-mixs-submod/util/rebuild_mixs_yaml.py	MIXS:0000261	http://w3id.org/mixs/terms
host_subject_id	https://microbiomedata/schema/mixs	text value	https://github.com/microbiomedata/nmdc-schema/blob/issue-291-mixs-submod/util/rebuild_mixs_yaml.py	MIXS:0000861	http://w3id.org/mixs/terms
host_subspecf_genlin	https://microbiomedata/schema/mixs	string	https://github.com/microbiomedata/nmdc-schema/blob/issue-291-mixs-submod/util/rebuild_mixs_yaml.py	MIXS:0001318	http://w3id.org/mixs/terms
host_substrate	https://microbiomedata/schema/mixs	text value	https://github.com/microbiomedata/nmdc-schema/blob/issue-291-mixs-submod/util/rebuild_mixs_yaml.py	MIXS:0000252	http://w3id.org/mixs/terms
host_symbiont	https://microbiomedata/schema/mixs	string	https://github.com/microbiomedata/nmdc-schema/blob/issue-291-mixs-submod/util/rebuild_mixs_yaml.py	MIXS:0001298	http://w3id.org/mixs/terms
host_taxid	https://microbiomedata/schema/mixs	text value	https://github.com/microbiomedata/nmdc-schema/blob/issue-291-mixs-submod/util/rebuild_mixs_yaml.py	MIXS:0000250	http://w3id.org/mixs/terms
host_tot_mass	https://microbiomedata/schema/mixs	quantity value	https://github.com/microbiomedata/nmdc-schema/blob/issue-291-mixs-submod/util/rebuild_mixs_yaml.py	MIXS:0000263	http://w3id.org/mixs/terms
host_wet_mass	https://microbiomedata/schema/mixs	quantity value	https://github.com/microbiomedata/nmdc-schema/blob/issue-291-mixs-submod/util/rebuild_mixs_yaml.py	MIXS:0000567	http://w3id.org/mixs/terms
humidity	https://microbiomedata/schema/mixs	quantity value	https://github.com/microbiomedata/nmdc-schema/blob/issue-291-mixs-submod/util/rebuild_mixs_yaml.py	MIXS:0000100	http://w3id.org/mixs/terms
humidity_regm	https://microbiomedata/schema/mixs	quantity value	https://github.com/microbiomedata/nmdc-schema/blob/issue-291-mixs-submod/util/rebuild_mixs_yaml.py	MIXS:0000568	http://w3id.org/mixs/terms
indoor_space	https://microbiomedata/schema/mixs	text value	https://github.com/microbiomedata/nmdc-schema/blob/issue-291-mixs-submod/util/rebuild_mixs_yaml.py	MIXS:0000763	http://w3id.org/mixs/terms
indoor_surf	https://microbiomedata/schema/mixs	text value	https://github.com/microbiomedata/nmdc-schema/blob/issue-291-mixs-submod/util/rebuild_mixs_yaml.py	MIXS:0000764	http://w3id.org/mixs/terms
indust_eff_percent	https://microbiomedata/schema/mixs	quantity value	https://github.com/microbiomedata/nmdc-schema/blob/issue-291-mixs-submod/util/rebuild_mixs_yaml.py	MIXS:0000662	http://w3id.org/mixs/terms
inorg_particles	https://microbiomedata/schema/mixs	quantity value	https://github.com/microbiomedata/nmdc-schema/blob/issue-291-mixs-submod/util/rebuild_mixs_yaml.py	MIXS:0000664	http://w3id.org/mixs/terms
inside_lux	https://microbiomedata/schema/mixs	quantity value	https://github.com/microbiomedata/nmdc-schema/blob/issue-291-mixs-submod/util/rebuild_mixs_yaml.py	MIXS:0000168	http://w3id.org/mixs/terms
int_wall_cond	https://microbiomedata/schema/mixs	text value	https://github.com/microbiomedata/nmdc-schema/blob/issue-291-mixs-submod/util/rebuild_mixs_yaml.py	MIXS:0000813	http://w3id.org/mixs/terms
investigation field	https://microbiomedata/schema/mixs		https://github.com/microbiomedata/nmdc-schema/blob/issue-291-mixs-submod/util/rebuild_mixs_yaml.py		
iw_bt_date_well	https://microbiomedata/schema/mixs	timestamp value	https://github.com/microbiomedata/nmdc-schema/blob/issue-291-mixs-submod/util/rebuild_mixs_yaml.py	MIXS:0001010	http://w3id.org/mixs/terms
iwf	https://microbiomedata/schema/mixs	quantity value	https://github.com/microbiomedata/nmdc-schema/blob/issue-291-mixs-submod/util/rebuild_mixs_yaml.py	MIXS:0000455	http://w3id.org/mixs/terms
last_clean	https://microbiomedata/schema/mixs	timestamp value	https://github.com/microbiomedata/nmdc-schema/blob/issue-291-mixs-submod/util/rebuild_mixs_yaml.py	MIXS:0000814	http://w3id.org/mixs/terms
lat_lon	https://microbiomedata/schema/mixs	geolocation value	https://github.com/microbiomedata/nmdc-schema/blob/issue-291-mixs-submod/util/rebuild_mixs_yaml.py	MIXS:0000009	http://w3id.org/mixs/terms
light_intensity	https://microbiomedata/schema/mixs	quantity value	https://github.com/microbiomedata/nmdc-schema/blob/issue-291-mixs-submod/util/rebuild_mixs_yaml.py	MIXS:0000706	http://w3id.org/mixs/terms
light_regm	https://microbiomedata/schema/mixs	quantity value	https://github.com/microbiomedata/nmdc-schema/blob/issue-291-mixs-submod/util/rebuild_mixs_yaml.py	MIXS:0000569	http://w3id.org/mixs/terms
light_type	https://microbiomedata/schema/mixs	text value	https://github.com/microbiomedata/nmdc-schema/blob/issue-291-mixs-submod/util/rebuild_mixs_yaml.py	MIXS:0000769	http://w3id.org/mixs/terms
link_addit_analys	https://microbiomedata/schema/mixs	text value	https://github.com/microbiomedata/nmdc-schema/blob/issue-291-mixs-submod/util/rebuild_mixs_yaml.py	MIXS:0000340	http://w3id.org/mixs/terms
link_class_info	https://microbiomedata/schema/mixs	text value	https://github.com/microbiomedata/nmdc-schema/blob/issue-291-mixs-submod/util/rebuild_mixs_yaml.py	MIXS:0000329	http://w3id.org/mixs/terms
link_climate_info	https://microbiomedata/schema/mixs	text value	https://github.com/microbiomedata/nmdc-schema/blob/issue-291-mixs-submod/util/rebuild_mixs_yaml.py	MIXS:0000328	http://w3id.org/mixs/terms
lithology	https://microbiomedata/schema/mixs	text value	https://github.com/microbiomedata/nmdc-schema/blob/issue-291-mixs-submod/util/rebuild_mixs_yaml.py	MIXS:0000990	http://w3id.org/mixs/terms
local_class	https://microbiomedata/schema/mixs	text value	https://github.com/microbiomedata/nmdc-schema/blob/issue-291-mixs-submod/util/rebuild_mixs_yaml.py	MIXS:0000330	http://w3id.org/mixs/terms
local_class_meth	https://microbiomedata/schema/mixs	text value	https://github.com/microbiomedata/nmdc-schema/blob/issue-291-mixs-submod/util/rebuild_mixs_yaml.py	MIXS:0000331	http://w3id.org/mixs/terms
magnesium	https://microbiomedata/schema/mixs	quantity value	https://github.com/microbiomedata/nmdc-schema/blob/issue-291-mixs-submod/util/rebuild_mixs_yaml.py	MIXS:0000431	http://w3id.org/mixs/terms
max_occup	https://microbiomedata/schema/mixs	quantity value	https://github.com/microbiomedata/nmdc-schema/blob/issue-291-mixs-submod/util/rebuild_mixs_yaml.py	MIXS:0000229	http://w3id.org/mixs/terms
mean_frict_vel	https://microbiomedata/schema/mixs	quantity value	https://github.com/microbiomedata/nmdc-schema/blob/issue-291-mixs-submod/util/rebuild_mixs_yaml.py	MIXS:0000498	http://w3id.org/mixs/terms
mean_peak_frict_vel	https://microbiomedata/schema/mixs	quantity value	https://github.com/microbiomedata/nmdc-schema/blob/issue-291-mixs-submod/util/rebuild_mixs_yaml.py	MIXS:0000502	http://w3id.org/mixs/terms
mech_struc	https://microbiomedata/schema/mixs	text value	https://github.com/microbiomedata/nmdc-schema/blob/issue-291-mixs-submod/util/rebuild_mixs_yaml.py	MIXS:0000815	http://w3id.org/mixs/terms
mechanical_damage	https://microbiomedata/schema/mixs	text value	https://github.com/microbiomedata/nmdc-schema/blob/issue-291-mixs-submod/util/rebuild_mixs_yaml.py	MIXS:0001052	http://w3id.org/mixs/terms
methane	https://microbiomedata/schema/mixs	quantity value	https://github.com/microbiomedata/nmdc-schema/blob/issue-291-mixs-submod/util/rebuild_mixs_yaml.py	MIXS:0000101	http://w3id.org/mixs/terms
micro_biomass_meth	https://microbiomedata/schema/mixs	string	https://github.com/microbiomedata/nmdc-schema/blob/issue-291-mixs-submod/util/rebuild_mixs_yaml.py	MIXS:0000339	http://w3id.org/mixs/terms
microbial_biomass	https://microbiomedata/schema/mixs	quantity value	https://github.com/microbiomedata/nmdc-schema/blob/issue-291-mixs-submod/util/rebuild_mixs_yaml.py	MIXS:0000650	http://w3id.org/mixs/terms
microbial_biomass_meth	https://microbiomedata/schema/mixs	text value	https://github.com/microbiomedata/nmdc-schema/blob/issue-291-mixs-submod/util/rebuild_mixs_yaml.py	MIXS:0000339	http://w3id.org/mixs/terms
mineral_nutr_regm	https://microbiomedata/schema/mixs	quantity value	https://github.com/microbiomedata/nmdc-schema/blob/issue-291-mixs-submod/util/rebuild_mixs_yaml.py	MIXS:0000570	http://w3id.org/mixs/terms
misc_param	https://microbiomedata/schema/mixs	quantity value	https://github.com/microbiomedata/nmdc-schema/blob/issue-291-mixs-submod/util/rebuild_mixs_yaml.py	MIXS:0000752	http://w3id.org/mixs/terms
n_alkanes	https://microbiomedata/schema/mixs	quantity value	https://github.com/microbiomedata/nmdc-schema/blob/issue-291-mixs-submod/util/rebuild_mixs_yaml.py	MIXS:0000503	http://w3id.org/mixs/terms
nitrate	https://microbiomedata/schema/mixs	quantity value	https://github.com/microbiomedata/nmdc-schema/blob/issue-291-mixs-submod/util/rebuild_mixs_yaml.py	MIXS:0000425	http://w3id.org/mixs/terms
nitrite	https://microbiomedata/schema/mixs	quantity value	https://github.com/microbiomedata/nmdc-schema/blob/issue-291-mixs-submod/util/rebuild_mixs_yaml.py	MIXS:0000426	http://w3id.org/mixs/terms
nitro	https://microbiomedata/schema/mixs	quantity value	https://github.com/microbiomedata/nmdc-schema/blob/issue-291-mixs-submod/util/rebuild_mixs_yaml.py	MIXS:0000504	http://w3id.org/mixs/terms
non_min_nutr_regm	https://microbiomedata/schema/mixs	string	https://github.com/microbiomedata/nmdc-schema/blob/issue-291-mixs-submod/util/rebuild_mixs_yaml.py	MIXS:0000571	http://w3id.org/mixs/terms
nucl_acid_amp	https://microbiomedata/schema/mixs	text value	https://github.com/microbiomedata/nmdc-schema/blob/issue-291-mixs-submod/util/rebuild_mixs_yaml.py	MIXS:0000038	http://w3id.org/mixs/terms
nucl_acid_ext	https://microbiomedata/schema/mixs	text value	https://github.com/microbiomedata/nmdc-schema/blob/issue-291-mixs-submod/util/rebuild_mixs_yaml.py	MIXS:0000037	http://w3id.org/mixs/terms
nucleic acid sequence source field	https://microbiomedata/schema/mixs		https://github.com/microbiomedata/nmdc-schema/blob/issue-291-mixs-submod/util/rebuild_mixs_yaml.py		
number_pets	https://microbiomedata/schema/mixs	quantity value	https://github.com/microbiomedata/nmdc-schema/blob/issue-291-mixs-submod/util/rebuild_mixs_yaml.py	MIXS:0000231	http://w3id.org/mixs/terms
number_plants	https://microbiomedata/schema/mixs	quantity value	https://github.com/microbiomedata/nmdc-schema/blob/issue-291-mixs-submod/util/rebuild_mixs_yaml.py	MIXS:0000230	http://w3id.org/mixs/terms
number_resident	https://microbiomedata/schema/mixs	quantity value	https://github.com/microbiomedata/nmdc-schema/blob/issue-291-mixs-submod/util/rebuild_mixs_yaml.py	MIXS:0000232	http://w3id.org/mixs/terms
occup_density_samp	https://microbiomedata/schema/mixs	quantity value	https://github.com/microbiomedata/nmdc-schema/blob/issue-291-mixs-submod/util/rebuild_mixs_yaml.py	MIXS:0000217	http://w3id.org/mixs/terms
occup_document	https://microbiomedata/schema/mixs	text value	https://github.com/microbiomedata/nmdc-schema/blob/issue-291-mixs-submod/util/rebuild_mixs_yaml.py	MIXS:0000816	http://w3id.org/mixs/terms
occup_samp	https://microbiomedata/schema/mixs	quantity value	https://github.com/microbiomedata/nmdc-schema/blob/issue-291-mixs-submod/util/rebuild_mixs_yaml.py	MIXS:0000772	http://w3id.org/mixs/terms
org_carb	https://microbiomedata/schema/mixs	quantity value	https://github.com/microbiomedata/nmdc-schema/blob/issue-291-mixs-submod/util/rebuild_mixs_yaml.py	MIXS:0000508	http://w3id.org/mixs/terms
org_count_qpcr_info	https://microbiomedata/schema/mixs	string	https://github.com/microbiomedata/nmdc-schema/blob/issue-291-mixs-submod/util/rebuild_mixs_yaml.py	MIXS:0000099	http://w3id.org/mixs/terms
org_matter	https://microbiomedata/schema/mixs	quantity value	https://github.com/microbiomedata/nmdc-schema/blob/issue-291-mixs-submod/util/rebuild_mixs_yaml.py	MIXS:0000204	http://w3id.org/mixs/terms
org_nitro	https://microbiomedata/schema/mixs	quantity value	https://github.com/microbiomedata/nmdc-schema/blob/issue-291-mixs-submod/util/rebuild_mixs_yaml.py	MIXS:0000205	http://w3id.org/mixs/terms
org_particles	https://microbiomedata/schema/mixs	quantity value	https://github.com/microbiomedata/nmdc-schema/blob/issue-291-mixs-submod/util/rebuild_mixs_yaml.py	MIXS:0000665	http://w3id.org/mixs/terms
organism_count	https://microbiomedata/schema/mixs	quantity value	https://github.com/microbiomedata/nmdc-schema/blob/issue-291-mixs-submod/util/rebuild_mixs_yaml.py	MIXS:0000103	http://w3id.org/mixs/terms
owc_tvdss	https://microbiomedata/schema/mixs	quantity value	https://github.com/microbiomedata/nmdc-schema/blob/issue-291-mixs-submod/util/rebuild_mixs_yaml.py	MIXS:0000405	http://w3id.org/mixs/terms
oxy_stat_samp	https://microbiomedata/schema/mixs	text value	https://github.com/microbiomedata/nmdc-schema/blob/issue-291-mixs-submod/util/rebuild_mixs_yaml.py	MIXS:0000753	http://w3id.org/mixs/terms
oxygen	https://microbiomedata/schema/mixs	quantity value	https://github.com/microbiomedata/nmdc-schema/blob/issue-291-mixs-submod/util/rebuild_mixs_yaml.py	MIXS:0000104	http://w3id.org/mixs/terms
part_org_carb	https://microbiomedata/schema/mixs	quantity value	https://github.com/microbiomedata/nmdc-schema/blob/issue-291-mixs-submod/util/rebuild_mixs_yaml.py	MIXS:0000515	http://w3id.org/mixs/terms
part_org_nitro	https://microbiomedata/schema/mixs	quantity value	https://github.com/microbiomedata/nmdc-schema/blob/issue-291-mixs-submod/util/rebuild_mixs_yaml.py	MIXS:0000719	http://w3id.org/mixs/terms
particle_class	https://microbiomedata/schema/mixs	quantity value	https://github.com/microbiomedata/nmdc-schema/blob/issue-291-mixs-submod/util/rebuild_mixs_yaml.py	MIXS:0000206	http://w3id.org/mixs/terms
pcr_cond	https://microbiomedata/schema/mixs	text value	https://github.com/microbiomedata/nmdc-schema/blob/issue-291-mixs-submod/util/rebuild_mixs_yaml.py	MIXS:0000049	http://w3id.org/mixs/terms
pcr_primers	https://microbiomedata/schema/mixs	text value	https://github.com/microbiomedata/nmdc-schema/blob/issue-291-mixs-submod/util/rebuild_mixs_yaml.py	MIXS:0000046	http://w3id.org/mixs/terms
permeability	https://microbiomedata/schema/mixs	quantity value	https://github.com/microbiomedata/nmdc-schema/blob/issue-291-mixs-submod/util/rebuild_mixs_yaml.py	MIXS:0000404	http://w3id.org/mixs/terms
perturbation	https://microbiomedata/schema/mixs	text value	https://github.com/microbiomedata/nmdc-schema/blob/issue-291-mixs-submod/util/rebuild_mixs_yaml.py	MIXS:0000754	http://w3id.org/mixs/terms
pesticide_regm	https://microbiomedata/schema/mixs	quantity value	https://github.com/microbiomedata/nmdc-schema/blob/issue-291-mixs-submod/util/rebuild_mixs_yaml.py	MIXS:0000573	http://w3id.org/mixs/terms
petroleum_hydrocarb	https://microbiomedata/schema/mixs	quantity value	https://github.com/microbiomedata/nmdc-schema/blob/issue-291-mixs-submod/util/rebuild_mixs_yaml.py	MIXS:0000516	http://w3id.org/mixs/terms
ph	https://microbiomedata/schema/mixs	quantity value	https://github.com/microbiomedata/nmdc-schema/blob/issue-291-mixs-submod/util/rebuild_mixs_yaml.py	MIXS:0001001	http://w3id.org/mixs/terms
ph_meth	https://microbiomedata/schema/mixs	text value	https://github.com/microbiomedata/nmdc-schema/blob/issue-291-mixs-submod/util/rebuild_mixs_yaml.py	MIXS:0001106	http://w3id.org/mixs/terms
ph_regm	https://microbiomedata/schema/mixs	text value	https://github.com/microbiomedata/nmdc-schema/blob/issue-291-mixs-submod/util/rebuild_mixs_yaml.py	MIXS:0001056	http://w3id.org/mixs/terms
phaeopigments	https://microbiomedata/schema/mixs	quantity value	https://github.com/microbiomedata/nmdc-schema/blob/issue-291-mixs-submod/util/rebuild_mixs_yaml.py	MIXS:0000180	http://w3id.org/mixs/terms
phosphate	https://microbiomedata/schema/mixs	quantity value	https://github.com/microbiomedata/nmdc-schema/blob/issue-291-mixs-submod/util/rebuild_mixs_yaml.py	MIXS:0000505	http://w3id.org/mixs/terms
phosplipid_fatt_acid	https://microbiomedata/schema/mixs	quantity value	https://github.com/microbiomedata/nmdc-schema/blob/issue-291-mixs-submod/util/rebuild_mixs_yaml.py	MIXS:0000181	http://w3id.org/mixs/terms
photon_flux	https://microbiomedata/schema/mixs	quantity value	https://github.com/microbiomedata/nmdc-schema/blob/issue-291-mixs-submod/util/rebuild_mixs_yaml.py	MIXS:0000725	http://w3id.org/mixs/terms
plant_growth_med	https://microbiomedata/schema/mixs	controlled term value	https://github.com/microbiomedata/nmdc-schema/blob/issue-291-mixs-submod/util/rebuild_mixs_yaml.py	MIXS:0001057	http://w3id.org/mixs/terms
plant_product	https://microbiomedata/schema/mixs	text value	https://github.com/microbiomedata/nmdc-schema/blob/issue-291-mixs-submod/util/rebuild_mixs_yaml.py	MIXS:0001058	http://w3id.org/mixs/terms
plant_sex	https://microbiomedata/schema/mixs	text value	https://github.com/microbiomedata/nmdc-schema/blob/issue-291-mixs-submod/util/rebuild_mixs_yaml.py	MIXS:0001059	http://w3id.org/mixs/terms
plant_struc	https://microbiomedata/schema/mixs	controlled term value	https://github.com/microbiomedata/nmdc-schema/blob/issue-291-mixs-submod/util/rebuild_mixs_yaml.py	MIXS:0001060	http://w3id.org/mixs/terms
pollutants	https://microbiomedata/schema/mixs	quantity value	https://github.com/microbiomedata/nmdc-schema/blob/issue-291-mixs-submod/util/rebuild_mixs_yaml.py	MIXS:0000107	http://w3id.org/mixs/terms
pool_dna_extracts	https://microbiomedata/schema/mixs	text value	https://github.com/microbiomedata/nmdc-schema/blob/issue-291-mixs-submod/util/rebuild_mixs_yaml.py	MIXS:0000325	http://w3id.org/mixs/terms
porosity	https://microbiomedata/schema/mixs	quantity value	https://github.com/microbiomedata/nmdc-schema/blob/issue-291-mixs-submod/util/rebuild_mixs_yaml.py	MIXS:0000211	http://w3id.org/mixs/terms
potassium	https://microbiomedata/schema/mixs	quantity value	https://github.com/microbiomedata/nmdc-schema/blob/issue-291-mixs-submod/util/rebuild_mixs_yaml.py	MIXS:0000430	http://w3id.org/mixs/terms
pour_point	https://microbiomedata/schema/mixs	quantity value	https://github.com/microbiomedata/nmdc-schema/blob/issue-291-mixs-submod/util/rebuild_mixs_yaml.py	MIXS:0000127	http://w3id.org/mixs/terms
pre_treatment	https://microbiomedata/schema/mixs	text value	https://github.com/microbiomedata/nmdc-schema/blob/issue-291-mixs-submod/util/rebuild_mixs_yaml.py	MIXS:0000348	http://w3id.org/mixs/terms
pres_animal_insect	https://microbiomedata/schema/mixs	string	https://github.com/microbiomedata/nmdc-schema/blob/issue-291-mixs-submod/util/rebuild_mixs_yaml.py	MIXS:0000819	http://w3id.org/mixs/terms
pressure	https://microbiomedata/schema/mixs	quantity value	https://github.com/microbiomedata/nmdc-schema/blob/issue-291-mixs-submod/util/rebuild_mixs_yaml.py	MIXS:0000412	http://w3id.org/mixs/terms
prev_land_use_meth	https://microbiomedata/schema/mixs	string	https://github.com/microbiomedata/nmdc-schema/blob/issue-291-mixs-submod/util/rebuild_mixs_yaml.py	MIXS:0000316	http://w3id.org/mixs/terms
previous_land_use	https://microbiomedata/schema/mixs	text value	https://github.com/microbiomedata/nmdc-schema/blob/issue-291-mixs-submod/util/rebuild_mixs_yaml.py	MIXS:0000315	http://w3id.org/mixs/terms
previous_land_use_meth	https://microbiomedata/schema/mixs	text value	https://github.com/microbiomedata/nmdc-schema/blob/issue-291-mixs-submod/util/rebuild_mixs_yaml.py	MIXS:0000316	http://w3id.org/mixs/terms
primary_prod	https://microbiomedata/schema/mixs	quantity value	https://github.com/microbiomedata/nmdc-schema/blob/issue-291-mixs-submod/util/rebuild_mixs_yaml.py	MIXS:0000728	http://w3id.org/mixs/terms
primary_treatment	https://microbiomedata/schema/mixs	text value	https://github.com/microbiomedata/nmdc-schema/blob/issue-291-mixs-submod/util/rebuild_mixs_yaml.py	MIXS:0000349	http://w3id.org/mixs/terms
prod_rate	https://microbiomedata/schema/mixs	quantity value	https://github.com/microbiomedata/nmdc-schema/blob/issue-291-mixs-submod/util/rebuild_mixs_yaml.py	MIXS:0000452	http://w3id.org/mixs/terms
prod_start_date	https://microbiomedata/schema/mixs	timestamp value	https://github.com/microbiomedata/nmdc-schema/blob/issue-291-mixs-submod/util/rebuild_mixs_yaml.py	MIXS:0001008	http://w3id.org/mixs/terms
profile_position	https://microbiomedata/schema/mixs	text value	https://github.com/microbiomedata/nmdc-schema/blob/issue-291-mixs-submod/util/rebuild_mixs_yaml.py	MIXS:0001084	http://w3id.org/mixs/terms
quad_pos	https://microbiomedata/schema/mixs	text value	https://github.com/microbiomedata/nmdc-schema/blob/issue-291-mixs-submod/util/rebuild_mixs_yaml.py	MIXS:0000820	http://w3id.org/mixs/terms
radiation_regm	https://microbiomedata/schema/mixs	quantity value	https://github.com/microbiomedata/nmdc-schema/blob/issue-291-mixs-submod/util/rebuild_mixs_yaml.py	MIXS:0000575	http://w3id.org/mixs/terms
rainfall_regm	https://microbiomedata/schema/mixs	quantity value	https://github.com/microbiomedata/nmdc-schema/blob/issue-291-mixs-submod/util/rebuild_mixs_yaml.py	MIXS:0000576	http://w3id.org/mixs/terms
reactor_type	https://microbiomedata/schema/mixs	text value	https://github.com/microbiomedata/nmdc-schema/blob/issue-291-mixs-submod/util/rebuild_mixs_yaml.py	MIXS:0000350	http://w3id.org/mixs/terms
redox_potential	https://microbiomedata/schema/mixs	quantity value	https://github.com/microbiomedata/nmdc-schema/blob/issue-291-mixs-submod/util/rebuild_mixs_yaml.py	MIXS:0000182	http://w3id.org/mixs/terms
rel_air_humidity	https://microbiomedata/schema/mixs	quantity value	https://github.com/microbiomedata/nmdc-schema/blob/issue-291-mixs-submod/util/rebuild_mixs_yaml.py	MIXS:0000121	http://w3id.org/mixs/terms
rel_humidity_out	https://microbiomedata/schema/mixs	quantity value	https://github.com/microbiomedata/nmdc-schema/blob/issue-291-mixs-submod/util/rebuild_mixs_yaml.py	MIXS:0000188	http://w3id.org/mixs/terms
rel_samp_loc	https://microbiomedata/schema/mixs	text value	https://github.com/microbiomedata/nmdc-schema/blob/issue-291-mixs-submod/util/rebuild_mixs_yaml.py	MIXS:0000821	http://w3id.org/mixs/terms
rel_to_oxygen	https://microbiomedata/schema/mixs	text value	https://github.com/microbiomedata/nmdc-schema/blob/issue-291-mixs-submod/util/rebuild_mixs_yaml.py	MIXS:0000015	http://w3id.org/mixs/terms
reservoir	https://microbiomedata/schema/mixs	text value	https://github.com/microbiomedata/nmdc-schema/blob/issue-291-mixs-submod/util/rebuild_mixs_yaml.py	MIXS:0000303	http://w3id.org/mixs/terms
resins_pc	https://microbiomedata/schema/mixs	quantity value	https://github.com/microbiomedata/nmdc-schema/blob/issue-291-mixs-submod/util/rebuild_mixs_yaml.py	MIXS:0000134	http://w3id.org/mixs/terms
room_air_exch_rate	https://microbiomedata/schema/mixs	quantity value	https://github.com/microbiomedata/nmdc-schema/blob/issue-291-mixs-submod/util/rebuild_mixs_yaml.py	MIXS:0000169	http://w3id.org/mixs/terms
room_architec_elem	https://microbiomedata/schema/mixs	string	https://github.com/microbiomedata/nmdc-schema/blob/issue-291-mixs-submod/util/rebuild_mixs_yaml.py	MIXS:0000233	http://w3id.org/mixs/terms
room_condt	https://microbiomedata/schema/mixs	text value	https://github.com/microbiomedata/nmdc-schema/blob/issue-291-mixs-submod/util/rebuild_mixs_yaml.py	MIXS:0000822	http://w3id.org/mixs/terms
room_connected	https://microbiomedata/schema/mixs	text value	https://github.com/microbiomedata/nmdc-schema/blob/issue-291-mixs-submod/util/rebuild_mixs_yaml.py	MIXS:0000826	http://w3id.org/mixs/terms
room_count	https://microbiomedata/schema/mixs	text value	https://github.com/microbiomedata/nmdc-schema/blob/issue-291-mixs-submod/util/rebuild_mixs_yaml.py	MIXS:0000234	http://w3id.org/mixs/terms
room_dim	https://microbiomedata/schema/mixs	quantity value	https://github.com/microbiomedata/nmdc-schema/blob/issue-291-mixs-submod/util/rebuild_mixs_yaml.py	MIXS:0000192	http://w3id.org/mixs/terms
room_door_dist	https://microbiomedata/schema/mixs	quantity value	https://github.com/microbiomedata/nmdc-schema/blob/issue-291-mixs-submod/util/rebuild_mixs_yaml.py	MIXS:0000193	http://w3id.org/mixs/terms
room_door_share	https://microbiomedata/schema/mixs	text value	https://github.com/microbiomedata/nmdc-schema/blob/issue-291-mixs-submod/util/rebuild_mixs_yaml.py	MIXS:0000242	http://w3id.org/mixs/terms
room_hallway	https://microbiomedata/schema/mixs	text value	https://github.com/microbiomedata/nmdc-schema/blob/issue-291-mixs-submod/util/rebuild_mixs_yaml.py	MIXS:0000238	http://w3id.org/mixs/terms
room_loc	https://microbiomedata/schema/mixs	text value	https://github.com/microbiomedata/nmdc-schema/blob/issue-291-mixs-submod/util/rebuild_mixs_yaml.py	MIXS:0000823	http://w3id.org/mixs/terms
room_moist_dam_hist	https://microbiomedata/schema/mixs	integer	https://github.com/microbiomedata/nmdc-schema/blob/issue-291-mixs-submod/util/rebuild_mixs_yaml.py	MIXS:0000235	http://w3id.org/mixs/terms
room_net_area	https://microbiomedata/schema/mixs	quantity value	https://github.com/microbiomedata/nmdc-schema/blob/issue-291-mixs-submod/util/rebuild_mixs_yaml.py	MIXS:0000194	http://w3id.org/mixs/terms
room_occup	https://microbiomedata/schema/mixs	quantity value	https://github.com/microbiomedata/nmdc-schema/blob/issue-291-mixs-submod/util/rebuild_mixs_yaml.py	MIXS:0000236	http://w3id.org/mixs/terms
room_samp_pos	https://microbiomedata/schema/mixs	text value	https://github.com/microbiomedata/nmdc-schema/blob/issue-291-mixs-submod/util/rebuild_mixs_yaml.py	MIXS:0000824	http://w3id.org/mixs/terms
room_type	https://microbiomedata/schema/mixs	text value	https://github.com/microbiomedata/nmdc-schema/blob/issue-291-mixs-submod/util/rebuild_mixs_yaml.py	MIXS:0000825	http://w3id.org/mixs/terms
room_vol	https://microbiomedata/schema/mixs	quantity value	https://github.com/microbiomedata/nmdc-schema/blob/issue-291-mixs-submod/util/rebuild_mixs_yaml.py	MIXS:0000195	http://w3id.org/mixs/terms
room_wall_share	https://microbiomedata/schema/mixs	text value	https://github.com/microbiomedata/nmdc-schema/blob/issue-291-mixs-submod/util/rebuild_mixs_yaml.py	MIXS:0000243	http://w3id.org/mixs/terms
room_window_count	https://microbiomedata/schema/mixs	text value	https://github.com/microbiomedata/nmdc-schema/blob/issue-291-mixs-submod/util/rebuild_mixs_yaml.py	MIXS:0000237	http://w3id.org/mixs/terms
root_cond	https://microbiomedata/schema/mixs	text value	https://github.com/microbiomedata/nmdc-schema/blob/issue-291-mixs-submod/util/rebuild_mixs_yaml.py	MIXS:0001061	http://w3id.org/mixs/terms
root_med_carbon	https://microbiomedata/schema/mixs	quantity value	https://github.com/microbiomedata/nmdc-schema/blob/issue-291-mixs-submod/util/rebuild_mixs_yaml.py	MIXS:0000577	http://w3id.org/mixs/terms
root_med_macronutr	https://microbiomedata/schema/mixs	quantity value	https://github.com/microbiomedata/nmdc-schema/blob/issue-291-mixs-submod/util/rebuild_mixs_yaml.py	MIXS:0000578	http://w3id.org/mixs/terms
root_med_micronutr	https://microbiomedata/schema/mixs	quantity value	https://github.com/microbiomedata/nmdc-schema/blob/issue-291-mixs-submod/util/rebuild_mixs_yaml.py	MIXS:0000579	http://w3id.org/mixs/terms
root_med_ph	https://microbiomedata/schema/mixs	quantity value	https://github.com/microbiomedata/nmdc-schema/blob/issue-291-mixs-submod/util/rebuild_mixs_yaml.py	MIXS:0001062	http://w3id.org/mixs/terms
root_med_regl	https://microbiomedata/schema/mixs	quantity value	https://github.com/microbiomedata/nmdc-schema/blob/issue-291-mixs-submod/util/rebuild_mixs_yaml.py	MIXS:0000581	http://w3id.org/mixs/terms
root_med_solid	https://microbiomedata/schema/mixs	text value	https://github.com/microbiomedata/nmdc-schema/blob/issue-291-mixs-submod/util/rebuild_mixs_yaml.py	MIXS:0001063	http://w3id.org/mixs/terms
root_med_suppl	https://microbiomedata/schema/mixs	quantity value	https://github.com/microbiomedata/nmdc-schema/blob/issue-291-mixs-submod/util/rebuild_mixs_yaml.py	MIXS:0000580	http://w3id.org/mixs/terms
salinity	https://microbiomedata/schema/mixs	quantity value	https://github.com/microbiomedata/nmdc-schema/blob/issue-291-mixs-submod/util/rebuild_mixs_yaml.py	MIXS:0000183	http://w3id.org/mixs/terms
salinity_meth	https://microbiomedata/schema/mixs	text value	https://github.com/microbiomedata/nmdc-schema/blob/issue-291-mixs-submod/util/rebuild_mixs_yaml.py	MIXS:0000341	http://w3id.org/mixs/terms
salt_regm	https://microbiomedata/schema/mixs	quantity value	https://github.com/microbiomedata/nmdc-schema/blob/issue-291-mixs-submod/util/rebuild_mixs_yaml.py	MIXS:0000582	http://w3id.org/mixs/terms
samp_capt_status	https://microbiomedata/schema/mixs	text value	https://github.com/microbiomedata/nmdc-schema/blob/issue-291-mixs-submod/util/rebuild_mixs_yaml.py	MIXS:0000860	http://w3id.org/mixs/terms
samp_collec_device	https://microbiomedata/schema/mixs	string	https://github.com/microbiomedata/nmdc-schema/blob/issue-291-mixs-submod/util/rebuild_mixs_yaml.py	MIXS:0000002	http://w3id.org/mixs/terms
samp_collec_method	https://microbiomedata/schema/mixs	string	https://github.com/microbiomedata/nmdc-schema/blob/issue-291-mixs-submod/util/rebuild_mixs_yaml.py	MIXS:0001225	http://w3id.org/mixs/terms
samp_collect_device	https://microbiomedata/schema/mixs	text value	https://github.com/microbiomedata/nmdc-schema/blob/issue-291-mixs-submod/util/rebuild_mixs_yaml.py	MIXS:0000002	http://w3id.org/mixs/terms
samp_collect_point	https://microbiomedata/schema/mixs	samp_collect_point_enum	https://github.com/microbiomedata/nmdc-schema/blob/issue-291-mixs-submod/util/rebuild_mixs_yaml.py	MIXS:0001015	http://w3id.org/mixs/terms
samp_dis_stage	https://microbiomedata/schema/mixs	text value	https://github.com/microbiomedata/nmdc-schema/blob/issue-291-mixs-submod/util/rebuild_mixs_yaml.py	MIXS:0000249	http://w3id.org/mixs/terms
samp_floor	https://microbiomedata/schema/mixs	text value	https://github.com/microbiomedata/nmdc-schema/blob/issue-291-mixs-submod/util/rebuild_mixs_yaml.py	MIXS:0000828	http://w3id.org/mixs/terms
samp_loc_corr_rate	https://microbiomedata/schema/mixs	quantity value	https://github.com/microbiomedata/nmdc-schema/blob/issue-291-mixs-submod/util/rebuild_mixs_yaml.py	MIXS:0000136	http://w3id.org/mixs/terms
samp_mat_process	https://microbiomedata/schema/mixs	controlled term value	https://github.com/microbiomedata/nmdc-schema/blob/issue-291-mixs-submod/util/rebuild_mixs_yaml.py	MIXS:0000016	http://w3id.org/mixs/terms
samp_md	https://microbiomedata/schema/mixs	quantity value	https://github.com/microbiomedata/nmdc-schema/blob/issue-291-mixs-submod/util/rebuild_mixs_yaml.py	MIXS:0000413	http://w3id.org/mixs/terms
samp_name	https://microbiomedata/schema/mixs	string	https://github.com/microbiomedata/nmdc-schema/blob/issue-291-mixs-submod/util/rebuild_mixs_yaml.py	MIXS:0001107	http://w3id.org/mixs/terms
samp_preserv	https://microbiomedata/schema/mixs	quantity value	https://github.com/microbiomedata/nmdc-schema/blob/issue-291-mixs-submod/util/rebuild_mixs_yaml.py	MIXS:0000463	http://w3id.org/mixs/terms
samp_room_id	https://microbiomedata/schema/mixs	text value	https://github.com/microbiomedata/nmdc-schema/blob/issue-291-mixs-submod/util/rebuild_mixs_yaml.py	MIXS:0000244	http://w3id.org/mixs/terms
samp_size	https://microbiomedata/schema/mixs	quantity value	https://github.com/microbiomedata/nmdc-schema/blob/issue-291-mixs-submod/util/rebuild_mixs_yaml.py	MIXS:0000001	http://w3id.org/mixs/terms
samp_sort_meth	https://microbiomedata/schema/mixs	text value	https://github.com/microbiomedata/nmdc-schema/blob/issue-291-mixs-submod/util/rebuild_mixs_yaml.py	MIXS:0000216	http://w3id.org/mixs/terms
samp_store_dur	https://microbiomedata/schema/mixs	text value	https://github.com/microbiomedata/nmdc-schema/blob/issue-291-mixs-submod/util/rebuild_mixs_yaml.py	MIXS:0000116	http://w3id.org/mixs/terms
samp_store_loc	https://microbiomedata/schema/mixs	text value	https://github.com/microbiomedata/nmdc-schema/blob/issue-291-mixs-submod/util/rebuild_mixs_yaml.py	MIXS:0000755	http://w3id.org/mixs/terms
samp_store_temp	https://microbiomedata/schema/mixs	quantity value	https://github.com/microbiomedata/nmdc-schema/blob/issue-291-mixs-submod/util/rebuild_mixs_yaml.py	MIXS:0000110	http://w3id.org/mixs/terms
samp_subtype	https://microbiomedata/schema/mixs	text value	https://github.com/microbiomedata/nmdc-schema/blob/issue-291-mixs-submod/util/rebuild_mixs_yaml.py	MIXS:0000999	http://w3id.org/mixs/terms
samp_time_out	https://microbiomedata/schema/mixs	text value	https://github.com/microbiomedata/nmdc-schema/blob/issue-291-mixs-submod/util/rebuild_mixs_yaml.py	MIXS:0000196	http://w3id.org/mixs/terms
samp_transport_cond	https://microbiomedata/schema/mixs	quantity value	https://github.com/microbiomedata/nmdc-schema/blob/issue-291-mixs-submod/util/rebuild_mixs_yaml.py	MIXS:0000410	http://w3id.org/mixs/terms
samp_tvdss	https://microbiomedata/schema/mixs	quantity value	https://github.com/microbiomedata/nmdc-schema/blob/issue-291-mixs-submod/util/rebuild_mixs_yaml.py	MIXS:0000409	http://w3id.org/mixs/terms
samp_type	https://microbiomedata/schema/mixs	text value	https://github.com/microbiomedata/nmdc-schema/blob/issue-291-mixs-submod/util/rebuild_mixs_yaml.py	MIXS:0000998	http://w3id.org/mixs/terms
samp_vol_we_dna_ext	https://microbiomedata/schema/mixs	quantity value	https://github.com/microbiomedata/nmdc-schema/blob/issue-291-mixs-submod/util/rebuild_mixs_yaml.py	MIXS:0000111	http://w3id.org/mixs/terms
samp_weather	https://microbiomedata/schema/mixs	text value	https://github.com/microbiomedata/nmdc-schema/blob/issue-291-mixs-submod/util/rebuild_mixs_yaml.py	MIXS:0000827	http://w3id.org/mixs/terms
samp_well_name	https://microbiomedata/schema/mixs	text value	https://github.com/microbiomedata/nmdc-schema/blob/issue-291-mixs-submod/util/rebuild_mixs_yaml.py	MIXS:0000296	http://w3id.org/mixs/terms
saturates_pc	https://microbiomedata/schema/mixs	quantity value	https://github.com/microbiomedata/nmdc-schema/blob/issue-291-mixs-submod/util/rebuild_mixs_yaml.py	MIXS:0000131	http://w3id.org/mixs/terms
season	https://microbiomedata/schema/mixs	text value	https://github.com/microbiomedata/nmdc-schema/blob/issue-291-mixs-submod/util/rebuild_mixs_yaml.py	MIXS:0000829	http://w3id.org/mixs/terms
season_environment	https://microbiomedata/schema/mixs	text value	https://github.com/microbiomedata/nmdc-schema/blob/issue-291-mixs-submod/util/rebuild_mixs_yaml.py	MIXS:0001068	http://w3id.org/mixs/terms
season_precpt	https://microbiomedata/schema/mixs	quantity value	https://github.com/microbiomedata/nmdc-schema/blob/issue-291-mixs-submod/util/rebuild_mixs_yaml.py	MIXS:0000645	http://w3id.org/mixs/terms
season_temp	https://microbiomedata/schema/mixs	quantity value	https://github.com/microbiomedata/nmdc-schema/blob/issue-291-mixs-submod/util/rebuild_mixs_yaml.py	MIXS:0000643	http://w3id.org/mixs/terms
season_use	https://microbiomedata/schema/mixs	text value	https://github.com/microbiomedata/nmdc-schema/blob/issue-291-mixs-submod/util/rebuild_mixs_yaml.py	MIXS:0000830	http://w3id.org/mixs/terms
secondary_treatment	https://microbiomedata/schema/mixs	text value	https://github.com/microbiomedata/nmdc-schema/blob/issue-291-mixs-submod/util/rebuild_mixs_yaml.py	MIXS:0000351	http://w3id.org/mixs/terms
sediment_type	https://microbiomedata/schema/mixs	text value	https://github.com/microbiomedata/nmdc-schema/blob/issue-291-mixs-submod/util/rebuild_mixs_yaml.py	MIXS:0001078	http://w3id.org/mixs/terms
seq_meth	https://microbiomedata/schema/mixs	text value	https://github.com/microbiomedata/nmdc-schema/blob/issue-291-mixs-submod/util/rebuild_mixs_yaml.py	MIXS:0000050	http://w3id.org/mixs/terms
seq_quality_check	https://microbiomedata/schema/mixs	text value	https://github.com/microbiomedata/nmdc-schema/blob/issue-291-mixs-submod/util/rebuild_mixs_yaml.py	MIXS:0000051	http://w3id.org/mixs/terms
sequencing field	https://microbiomedata/schema/mixs		https://github.com/microbiomedata/nmdc-schema/blob/issue-291-mixs-submod/util/rebuild_mixs_yaml.py		
sewage_type	https://microbiomedata/schema/mixs	text value	https://github.com/microbiomedata/nmdc-schema/blob/issue-291-mixs-submod/util/rebuild_mixs_yaml.py	MIXS:0000215	http://w3id.org/mixs/terms
shad_dev_water_mold	https://microbiomedata/schema/mixs	string	https://github.com/microbiomedata/nmdc-schema/blob/issue-291-mixs-submod/util/rebuild_mixs_yaml.py	MIXS:0000834	http://w3id.org/mixs/terms
shading_device_cond	https://microbiomedata/schema/mixs	text value	https://github.com/microbiomedata/nmdc-schema/blob/issue-291-mixs-submod/util/rebuild_mixs_yaml.py	MIXS:0000831	http://w3id.org/mixs/terms
shading_device_loc	https://microbiomedata/schema/mixs	text value	https://github.com/microbiomedata/nmdc-schema/blob/issue-291-mixs-submod/util/rebuild_mixs_yaml.py	MIXS:0000832	http://w3id.org/mixs/terms
shading_device_mat	https://microbiomedata/schema/mixs	text value	https://github.com/microbiomedata/nmdc-schema/blob/issue-291-mixs-submod/util/rebuild_mixs_yaml.py	MIXS:0000245	http://w3id.org/mixs/terms
shading_device_type	https://microbiomedata/schema/mixs	text value	https://github.com/microbiomedata/nmdc-schema/blob/issue-291-mixs-submod/util/rebuild_mixs_yaml.py	MIXS:0000835	http://w3id.org/mixs/terms
sieving	https://microbiomedata/schema/mixs	quantity value	https://github.com/microbiomedata/nmdc-schema/blob/issue-291-mixs-submod/util/rebuild_mixs_yaml.py	MIXS:0000322	http://w3id.org/mixs/terms
silicate	https://microbiomedata/schema/mixs	quantity value	https://github.com/microbiomedata/nmdc-schema/blob/issue-291-mixs-submod/util/rebuild_mixs_yaml.py	MIXS:0000184	http://w3id.org/mixs/terms
size_frac	https://microbiomedata/schema/mixs	quantity value	https://github.com/microbiomedata/nmdc-schema/blob/issue-291-mixs-submod/util/rebuild_mixs_yaml.py	MIXS:0000017	http://w3id.org/mixs/terms
size_frac_low	https://microbiomedata/schema/mixs	quantity value	https://github.com/microbiomedata/nmdc-schema/blob/issue-291-mixs-submod/util/rebuild_mixs_yaml.py	MIXS:0000735	http://w3id.org/mixs/terms
size_frac_up	https://microbiomedata/schema/mixs	quantity value	https://github.com/microbiomedata/nmdc-schema/blob/issue-291-mixs-submod/util/rebuild_mixs_yaml.py	MIXS:0000736	http://w3id.org/mixs/terms
slope_aspect	https://microbiomedata/schema/mixs	quantity value	https://github.com/microbiomedata/nmdc-schema/blob/issue-291-mixs-submod/util/rebuild_mixs_yaml.py	MIXS:0000647	http://w3id.org/mixs/terms
slope_gradient	https://microbiomedata/schema/mixs	quantity value	https://github.com/microbiomedata/nmdc-schema/blob/issue-291-mixs-submod/util/rebuild_mixs_yaml.py	MIXS:0000646	http://w3id.org/mixs/terms
sludge_retent_time	https://microbiomedata/schema/mixs	quantity value	https://github.com/microbiomedata/nmdc-schema/blob/issue-291-mixs-submod/util/rebuild_mixs_yaml.py	MIXS:0000669	http://w3id.org/mixs/terms
sodium	https://microbiomedata/schema/mixs	quantity value	https://github.com/microbiomedata/nmdc-schema/blob/issue-291-mixs-submod/util/rebuild_mixs_yaml.py	MIXS:0000428	http://w3id.org/mixs/terms
soil_horizon	https://microbiomedata/schema/mixs	soil_horizon_enum	https://github.com/microbiomedata/nmdc-schema/blob/issue-291-mixs-submod/util/rebuild_mixs_yaml.py	MIXS:0001082	http://w3id.org/mixs/terms
soil_text_measure	https://microbiomedata/schema/mixs	quantity value	https://github.com/microbiomedata/nmdc-schema/blob/issue-291-mixs-submod/util/rebuild_mixs_yaml.py	MIXS:0000335	http://w3id.org/mixs/terms
soil_texture_meth	https://microbiomedata/schema/mixs	string	https://github.com/microbiomedata/nmdc-schema/blob/issue-291-mixs-submod/util/rebuild_mixs_yaml.py	MIXS:0000336	http://w3id.org/mixs/terms
soil_type	https://microbiomedata/schema/mixs	text value	https://github.com/microbiomedata/nmdc-schema/blob/issue-291-mixs-submod/util/rebuild_mixs_yaml.py	MIXS:0000332	http://w3id.org/mixs/terms
soil_type_meth	https://microbiomedata/schema/mixs	text value	https://github.com/microbiomedata/nmdc-schema/blob/issue-291-mixs-submod/util/rebuild_mixs_yaml.py	MIXS:0000334	http://w3id.org/mixs/terms
solar_irradiance	https://microbiomedata/schema/mixs	quantity value	https://github.com/microbiomedata/nmdc-schema/blob/issue-291-mixs-submod/util/rebuild_mixs_yaml.py	MIXS:0000112	http://w3id.org/mixs/terms
soluble_inorg_mat	https://microbiomedata/schema/mixs	quantity value	https://github.com/microbiomedata/nmdc-schema/blob/issue-291-mixs-submod/util/rebuild_mixs_yaml.py	MIXS:0000672	http://w3id.org/mixs/terms
soluble_org_mat	https://microbiomedata/schema/mixs	quantity value	https://github.com/microbiomedata/nmdc-schema/blob/issue-291-mixs-submod/util/rebuild_mixs_yaml.py	MIXS:0000673	http://w3id.org/mixs/terms
soluble_react_phosp	https://microbiomedata/schema/mixs	quantity value	https://github.com/microbiomedata/nmdc-schema/blob/issue-291-mixs-submod/util/rebuild_mixs_yaml.py	MIXS:0000738	http://w3id.org/mixs/terms
source_mat_id	https://microbiomedata/schema/mixs	text value	https://github.com/microbiomedata/nmdc-schema/blob/issue-291-mixs-submod/util/rebuild_mixs_yaml.py	MIXS:0000026	http://w3id.org/mixs/terms
space_typ_state	https://microbiomedata/schema/mixs	text value	https://github.com/microbiomedata/nmdc-schema/blob/issue-291-mixs-submod/util/rebuild_mixs_yaml.py	MIXS:0000770	http://w3id.org/mixs/terms
specific	https://microbiomedata/schema/mixs	text value	https://github.com/microbiomedata/nmdc-schema/blob/issue-291-mixs-submod/util/rebuild_mixs_yaml.py	MIXS:0000836	http://w3id.org/mixs/terms
specific_humidity	https://microbiomedata/schema/mixs	quantity value	https://github.com/microbiomedata/nmdc-schema/blob/issue-291-mixs-submod/util/rebuild_mixs_yaml.py	MIXS:0000214	http://w3id.org/mixs/terms
sr_dep_env	https://microbiomedata/schema/mixs	text value	https://github.com/microbiomedata/nmdc-schema/blob/issue-291-mixs-submod/util/rebuild_mixs_yaml.py	MIXS:0000996	http://w3id.org/mixs/terms
sr_geol_age	https://microbiomedata/schema/mixs	text value	https://github.com/microbiomedata/nmdc-schema/blob/issue-291-mixs-submod/util/rebuild_mixs_yaml.py	MIXS:0000997	http://w3id.org/mixs/terms
sr_kerog_type	https://microbiomedata/schema/mixs	text value	https://github.com/microbiomedata/nmdc-schema/blob/issue-291-mixs-submod/util/rebuild_mixs_yaml.py	MIXS:0000994	http://w3id.org/mixs/terms
sr_lithology	https://microbiomedata/schema/mixs	text value	https://github.com/microbiomedata/nmdc-schema/blob/issue-291-mixs-submod/util/rebuild_mixs_yaml.py	MIXS:0000995	http://w3id.org/mixs/terms
standing_water_regm	https://microbiomedata/schema/mixs	text value	https://github.com/microbiomedata/nmdc-schema/blob/issue-291-mixs-submod/util/rebuild_mixs_yaml.py	MIXS:0001069	http://w3id.org/mixs/terms
store_cond	https://microbiomedata/schema/mixs	text value	https://github.com/microbiomedata/nmdc-schema/blob/issue-291-mixs-submod/util/rebuild_mixs_yaml.py	MIXS:0000327	http://w3id.org/mixs/terms
substructure_type	https://microbiomedata/schema/mixs	text value	https://github.com/microbiomedata/nmdc-schema/blob/issue-291-mixs-submod/util/rebuild_mixs_yaml.py	MIXS:0000767	http://w3id.org/mixs/terms
sulfate	https://microbiomedata/schema/mixs	quantity value	https://github.com/microbiomedata/nmdc-schema/blob/issue-291-mixs-submod/util/rebuild_mixs_yaml.py	MIXS:0000423	http://w3id.org/mixs/terms
sulfate_fw	https://microbiomedata/schema/mixs	quantity value	https://github.com/microbiomedata/nmdc-schema/blob/issue-291-mixs-submod/util/rebuild_mixs_yaml.py	MIXS:0000407	http://w3id.org/mixs/terms
sulfide	https://microbiomedata/schema/mixs	quantity value	https://github.com/microbiomedata/nmdc-schema/blob/issue-291-mixs-submod/util/rebuild_mixs_yaml.py	MIXS:0000424	http://w3id.org/mixs/terms
surf_air_cont	https://microbiomedata/schema/mixs	text value	https://github.com/microbiomedata/nmdc-schema/blob/issue-291-mixs-submod/util/rebuild_mixs_yaml.py	MIXS:0000759	http://w3id.org/mixs/terms
surf_humidity	https://microbiomedata/schema/mixs	quantity value	https://github.com/microbiomedata/nmdc-schema/blob/issue-291-mixs-submod/util/rebuild_mixs_yaml.py	MIXS:0000123	http://w3id.org/mixs/terms
surf_material	https://microbiomedata/schema/mixs	text value	https://github.com/microbiomedata/nmdc-schema/blob/issue-291-mixs-submod/util/rebuild_mixs_yaml.py	MIXS:0000758	http://w3id.org/mixs/terms
surf_moisture	https://microbiomedata/schema/mixs	quantity value	https://github.com/microbiomedata/nmdc-schema/blob/issue-291-mixs-submod/util/rebuild_mixs_yaml.py	MIXS:0000128	http://w3id.org/mixs/terms
surf_moisture_ph	https://microbiomedata/schema/mixs	quantity value	https://github.com/microbiomedata/nmdc-schema/blob/issue-291-mixs-submod/util/rebuild_mixs_yaml.py	MIXS:0000760	http://w3id.org/mixs/terms
surf_temp	https://microbiomedata/schema/mixs	quantity value	https://github.com/microbiomedata/nmdc-schema/blob/issue-291-mixs-submod/util/rebuild_mixs_yaml.py	MIXS:0000125	http://w3id.org/mixs/terms
suspend_part_matter	https://microbiomedata/schema/mixs	quantity value	https://github.com/microbiomedata/nmdc-schema/blob/issue-291-mixs-submod/util/rebuild_mixs_yaml.py	MIXS:0000741	http://w3id.org/mixs/terms
suspend_solids	https://microbiomedata/schema/mixs	quantity value	https://github.com/microbiomedata/nmdc-schema/blob/issue-291-mixs-submod/util/rebuild_mixs_yaml.py	MIXS:0000150	http://w3id.org/mixs/terms
tan	https://microbiomedata/schema/mixs	quantity value	https://github.com/microbiomedata/nmdc-schema/blob/issue-291-mixs-submod/util/rebuild_mixs_yaml.py	MIXS:0000120	http://w3id.org/mixs/terms
target_gene	https://microbiomedata/schema/mixs	text value	https://github.com/microbiomedata/nmdc-schema/blob/issue-291-mixs-submod/util/rebuild_mixs_yaml.py	MIXS:0000044	http://w3id.org/mixs/terms
target_subfragment	https://microbiomedata/schema/mixs	text value	https://github.com/microbiomedata/nmdc-schema/blob/issue-291-mixs-submod/util/rebuild_mixs_yaml.py	MIXS:0000045	http://w3id.org/mixs/terms
temp	https://microbiomedata/schema/mixs	quantity value	https://github.com/microbiomedata/nmdc-schema/blob/issue-291-mixs-submod/util/rebuild_mixs_yaml.py	MIXS:0000113	http://w3id.org/mixs/terms
temp_out	https://microbiomedata/schema/mixs	quantity value	https://github.com/microbiomedata/nmdc-schema/blob/issue-291-mixs-submod/util/rebuild_mixs_yaml.py	MIXS:0000197	http://w3id.org/mixs/terms
tertiary_treatment	https://microbiomedata/schema/mixs	text value	https://github.com/microbiomedata/nmdc-schema/blob/issue-291-mixs-submod/util/rebuild_mixs_yaml.py	MIXS:0000352	http://w3id.org/mixs/terms
texture	https://microbiomedata/schema/mixs	quantity value	https://github.com/microbiomedata/nmdc-schema/blob/issue-291-mixs-submod/util/rebuild_mixs_yaml.py	MIXS:0000335	http://w3id.org/mixs/terms
texture_meth	https://microbiomedata/schema/mixs	text value	https://github.com/microbiomedata/nmdc-schema/blob/issue-291-mixs-submod/util/rebuild_mixs_yaml.py	MIXS:0000336	http://w3id.org/mixs/terms
tidal_stage	https://microbiomedata/schema/mixs	text value	https://github.com/microbiomedata/nmdc-schema/blob/issue-291-mixs-submod/util/rebuild_mixs_yaml.py	MIXS:0000750	http://w3id.org/mixs/terms
tillage	https://microbiomedata/schema/mixs	text value	https://github.com/microbiomedata/nmdc-schema/blob/issue-291-mixs-submod/util/rebuild_mixs_yaml.py	MIXS:0001081	http://w3id.org/mixs/terms
tiss_cult_growth_med	https://microbiomedata/schema/mixs	text value	https://github.com/microbiomedata/nmdc-schema/blob/issue-291-mixs-submod/util/rebuild_mixs_yaml.py	MIXS:0001070	http://w3id.org/mixs/terms
toluene	https://microbiomedata/schema/mixs	quantity value	https://github.com/microbiomedata/nmdc-schema/blob/issue-291-mixs-submod/util/rebuild_mixs_yaml.py	MIXS:0000154	http://w3id.org/mixs/terms
tot_carb	https://microbiomedata/schema/mixs	quantity value	https://github.com/microbiomedata/nmdc-schema/blob/issue-291-mixs-submod/util/rebuild_mixs_yaml.py	MIXS:0000525	http://w3id.org/mixs/terms
tot_depth_water_col	https://microbiomedata/schema/mixs	quantity value	https://github.com/microbiomedata/nmdc-schema/blob/issue-291-mixs-submod/util/rebuild_mixs_yaml.py	MIXS:0000634	http://w3id.org/mixs/terms
tot_diss_nitro	https://microbiomedata/schema/mixs	quantity value	https://github.com/microbiomedata/nmdc-schema/blob/issue-291-mixs-submod/util/rebuild_mixs_yaml.py	MIXS:0000744	http://w3id.org/mixs/terms
tot_inorg_nitro	https://microbiomedata/schema/mixs	quantity value	https://github.com/microbiomedata/nmdc-schema/blob/issue-291-mixs-submod/util/rebuild_mixs_yaml.py	MIXS:0000745	http://w3id.org/mixs/terms
tot_iron	https://microbiomedata/schema/mixs	quantity value	https://github.com/microbiomedata/nmdc-schema/blob/issue-291-mixs-submod/util/rebuild_mixs_yaml.py	MIXS:0000105	http://w3id.org/mixs/terms
tot_nitro	https://microbiomedata/schema/mixs	quantity value	https://github.com/microbiomedata/nmdc-schema/blob/issue-291-mixs-submod/util/rebuild_mixs_yaml.py	MIXS:0000102	http://w3id.org/mixs/terms
tot_nitro_cont_meth	https://microbiomedata/schema/mixs	string	https://github.com/microbiomedata/nmdc-schema/blob/issue-291-mixs-submod/util/rebuild_mixs_yaml.py	MIXS:0000338	http://w3id.org/mixs/terms
tot_nitro_content	https://microbiomedata/schema/mixs	quantity value	https://github.com/microbiomedata/nmdc-schema/blob/issue-291-mixs-submod/util/rebuild_mixs_yaml.py	MIXS:0000530	http://w3id.org/mixs/terms
tot_org_c_meth	https://microbiomedata/schema/mixs	text value	https://github.com/microbiomedata/nmdc-schema/blob/issue-291-mixs-submod/util/rebuild_mixs_yaml.py	MIXS:0000337	http://w3id.org/mixs/terms
tot_org_carb	https://microbiomedata/schema/mixs	quantity value	https://github.com/microbiomedata/nmdc-schema/blob/issue-291-mixs-submod/util/rebuild_mixs_yaml.py	MIXS:0000533	http://w3id.org/mixs/terms
tot_part_carb	https://microbiomedata/schema/mixs	quantity value	https://github.com/microbiomedata/nmdc-schema/blob/issue-291-mixs-submod/util/rebuild_mixs_yaml.py	MIXS:0000747	http://w3id.org/mixs/terms
tot_phosp	https://microbiomedata/schema/mixs	quantity value	https://github.com/microbiomedata/nmdc-schema/blob/issue-291-mixs-submod/util/rebuild_mixs_yaml.py	MIXS:0000117	http://w3id.org/mixs/terms
tot_phosphate	https://microbiomedata/schema/mixs	quantity value	https://github.com/microbiomedata/nmdc-schema/blob/issue-291-mixs-submod/util/rebuild_mixs_yaml.py	MIXS:0000689	http://w3id.org/mixs/terms
tot_sulfur	https://microbiomedata/schema/mixs	quantity value	https://github.com/microbiomedata/nmdc-schema/blob/issue-291-mixs-submod/util/rebuild_mixs_yaml.py	MIXS:0000419	http://w3id.org/mixs/terms
train_line	https://microbiomedata/schema/mixs	text value	https://github.com/microbiomedata/nmdc-schema/blob/issue-291-mixs-submod/util/rebuild_mixs_yaml.py	MIXS:0000837	http://w3id.org/mixs/terms
train_stat_loc	https://microbiomedata/schema/mixs	text value	https://github.com/microbiomedata/nmdc-schema/blob/issue-291-mixs-submod/util/rebuild_mixs_yaml.py	MIXS:0000838	http://w3id.org/mixs/terms
train_stop_loc	https://microbiomedata/schema/mixs	text value	https://github.com/microbiomedata/nmdc-schema/blob/issue-291-mixs-submod/util/rebuild_mixs_yaml.py	MIXS:0000839	http://w3id.org/mixs/terms
turbidity	https://microbiomedata/schema/mixs	quantity value	https://github.com/microbiomedata/nmdc-schema/blob/issue-291-mixs-submod/util/rebuild_mixs_yaml.py	MIXS:0000191	http://w3id.org/mixs/terms
tvdss_of_hcr_press	https://microbiomedata/schema/mixs	quantity value	https://github.com/microbiomedata/nmdc-schema/blob/issue-291-mixs-submod/util/rebuild_mixs_yaml.py	MIXS:0000397	http://w3id.org/mixs/terms
tvdss_of_hcr_temp	https://microbiomedata/schema/mixs	quantity value	https://github.com/microbiomedata/nmdc-schema/blob/issue-291-mixs-submod/util/rebuild_mixs_yaml.py	MIXS:0000394	http://w3id.org/mixs/terms
typ_occup_density	https://microbiomedata/schema/mixs	quantity value	https://github.com/microbiomedata/nmdc-schema/blob/issue-291-mixs-submod/util/rebuild_mixs_yaml.py	MIXS:0000771	http://w3id.org/mixs/terms
ventilation_rate	https://microbiomedata/schema/mixs	quantity value	https://github.com/microbiomedata/nmdc-schema/blob/issue-291-mixs-submod/util/rebuild_mixs_yaml.py	MIXS:0000114	http://w3id.org/mixs/terms
ventilation_type	https://microbiomedata/schema/mixs	text value	https://github.com/microbiomedata/nmdc-schema/blob/issue-291-mixs-submod/util/rebuild_mixs_yaml.py	MIXS:0000756	http://w3id.org/mixs/terms
vfa	https://microbiomedata/schema/mixs	quantity value	https://github.com/microbiomedata/nmdc-schema/blob/issue-291-mixs-submod/util/rebuild_mixs_yaml.py	MIXS:0000152	http://w3id.org/mixs/terms
vfa_fw	https://microbiomedata/schema/mixs	quantity value	https://github.com/microbiomedata/nmdc-schema/blob/issue-291-mixs-submod/util/rebuild_mixs_yaml.py	MIXS:0000408	http://w3id.org/mixs/terms
vis_media	https://microbiomedata/schema/mixs	text value	https://github.com/microbiomedata/nmdc-schema/blob/issue-291-mixs-submod/util/rebuild_mixs_yaml.py	MIXS:0000840	http://w3id.org/mixs/terms
viscosity	https://microbiomedata/schema/mixs	quantity value	https://github.com/microbiomedata/nmdc-schema/blob/issue-291-mixs-submod/util/rebuild_mixs_yaml.py	MIXS:0000126	http://w3id.org/mixs/terms
volatile_org_comp	https://microbiomedata/schema/mixs	quantity value	https://github.com/microbiomedata/nmdc-schema/blob/issue-291-mixs-submod/util/rebuild_mixs_yaml.py	MIXS:0000115	http://w3id.org/mixs/terms
wall_area	https://microbiomedata/schema/mixs	quantity value	https://github.com/microbiomedata/nmdc-schema/blob/issue-291-mixs-submod/util/rebuild_mixs_yaml.py	MIXS:0000198	http://w3id.org/mixs/terms
wall_const_type	https://microbiomedata/schema/mixs	text value	https://github.com/microbiomedata/nmdc-schema/blob/issue-291-mixs-submod/util/rebuild_mixs_yaml.py	MIXS:0000841	http://w3id.org/mixs/terms
wall_finish_mat	https://microbiomedata/schema/mixs	text value	https://github.com/microbiomedata/nmdc-schema/blob/issue-291-mixs-submod/util/rebuild_mixs_yaml.py	MIXS:0000842	http://w3id.org/mixs/terms
wall_height	https://microbiomedata/schema/mixs	quantity value	https://github.com/microbiomedata/nmdc-schema/blob/issue-291-mixs-submod/util/rebuild_mixs_yaml.py	MIXS:0000221	http://w3id.org/mixs/terms
wall_loc	https://microbiomedata/schema/mixs	text value	https://github.com/microbiomedata/nmdc-schema/blob/issue-291-mixs-submod/util/rebuild_mixs_yaml.py	MIXS:0000843	http://w3id.org/mixs/terms
wall_surf_treatment	https://microbiomedata/schema/mixs	text value	https://github.com/microbiomedata/nmdc-schema/blob/issue-291-mixs-submod/util/rebuild_mixs_yaml.py	MIXS:0000845	http://w3id.org/mixs/terms
wall_texture	https://microbiomedata/schema/mixs	text value	https://github.com/microbiomedata/nmdc-schema/blob/issue-291-mixs-submod/util/rebuild_mixs_yaml.py	MIXS:0000846	http://w3id.org/mixs/terms
wall_thermal_mass	https://microbiomedata/schema/mixs	quantity value	https://github.com/microbiomedata/nmdc-schema/blob/issue-291-mixs-submod/util/rebuild_mixs_yaml.py	MIXS:0000222	http://w3id.org/mixs/terms
wall_water_mold	https://microbiomedata/schema/mixs	text value	https://github.com/microbiomedata/nmdc-schema/blob/issue-291-mixs-submod/util/rebuild_mixs_yaml.py	MIXS:0000844	http://w3id.org/mixs/terms
wastewater_type	https://microbiomedata/schema/mixs	text value	https://github.com/microbiomedata/nmdc-schema/blob/issue-291-mixs-submod/util/rebuild_mixs_yaml.py	MIXS:0000353	http://w3id.org/mixs/terms
water_cont_soil_meth	https://microbiomedata/schema/mixs	string	https://github.com/microbiomedata/nmdc-schema/blob/issue-291-mixs-submod/util/rebuild_mixs_yaml.py	MIXS:0000323	http://w3id.org/mixs/terms
water_content	https://microbiomedata/schema/mixs	quantity value	https://github.com/microbiomedata/nmdc-schema/blob/issue-291-mixs-submod/util/rebuild_mixs_yaml.py	MIXS:0000185	http://w3id.org/mixs/terms
water_current	https://microbiomedata/schema/mixs	quantity value	https://github.com/microbiomedata/nmdc-schema/blob/issue-291-mixs-submod/util/rebuild_mixs_yaml.py	MIXS:0000203	http://w3id.org/mixs/terms
water_cut	https://microbiomedata/schema/mixs	quantity value	https://github.com/microbiomedata/nmdc-schema/blob/issue-291-mixs-submod/util/rebuild_mixs_yaml.py	MIXS:0000454	http://w3id.org/mixs/terms
water_feat_size	https://microbiomedata/schema/mixs	quantity value	https://github.com/microbiomedata/nmdc-schema/blob/issue-291-mixs-submod/util/rebuild_mixs_yaml.py	MIXS:0000223	http://w3id.org/mixs/terms
water_feat_type	https://microbiomedata/schema/mixs	text value	https://github.com/microbiomedata/nmdc-schema/blob/issue-291-mixs-submod/util/rebuild_mixs_yaml.py	MIXS:0000847	http://w3id.org/mixs/terms
water_prod_rate	https://microbiomedata/schema/mixs	quantity value	https://github.com/microbiomedata/nmdc-schema/blob/issue-291-mixs-submod/util/rebuild_mixs_yaml.py	MIXS:0000453	http://w3id.org/mixs/terms
water_temp_regm	https://microbiomedata/schema/mixs	quantity value	https://github.com/microbiomedata/nmdc-schema/blob/issue-291-mixs-submod/util/rebuild_mixs_yaml.py	MIXS:0000590	http://w3id.org/mixs/terms
watering_regm	https://microbiomedata/schema/mixs	quantity value	https://github.com/microbiomedata/nmdc-schema/blob/issue-291-mixs-submod/util/rebuild_mixs_yaml.py	MIXS:0000591	http://w3id.org/mixs/terms
weekday	https://microbiomedata/schema/mixs	text value	https://github.com/microbiomedata/nmdc-schema/blob/issue-291-mixs-submod/util/rebuild_mixs_yaml.py	MIXS:0000848	http://w3id.org/mixs/terms
win	https://microbiomedata/schema/mixs	text value	https://github.com/microbiomedata/nmdc-schema/blob/issue-291-mixs-submod/util/rebuild_mixs_yaml.py	MIXS:0000297	http://w3id.org/mixs/terms
wind_direction	https://microbiomedata/schema/mixs	text value	https://github.com/microbiomedata/nmdc-schema/blob/issue-291-mixs-submod/util/rebuild_mixs_yaml.py	MIXS:0000757	http://w3id.org/mixs/terms
wind_speed	https://microbiomedata/schema/mixs	quantity value	https://github.com/microbiomedata/nmdc-schema/blob/issue-291-mixs-submod/util/rebuild_mixs_yaml.py	MIXS:0000118	http://w3id.org/mixs/terms
window_cond	https://microbiomedata/schema/mixs	text value	https://github.com/microbiomedata/nmdc-schema/blob/issue-291-mixs-submod/util/rebuild_mixs_yaml.py	MIXS:0000849	http://w3id.org/mixs/terms
window_cover	https://microbiomedata/schema/mixs	text value	https://github.com/microbiomedata/nmdc-schema/blob/issue-291-mixs-submod/util/rebuild_mixs_yaml.py	MIXS:0000850	http://w3id.org/mixs/terms
window_horiz_pos	https://microbiomedata/schema/mixs	text value	https://github.com/microbiomedata/nmdc-schema/blob/issue-291-mixs-submod/util/rebuild_mixs_yaml.py	MIXS:0000851	http://w3id.org/mixs/terms
window_loc	https://microbiomedata/schema/mixs	text value	https://github.com/microbiomedata/nmdc-schema/blob/issue-291-mixs-submod/util/rebuild_mixs_yaml.py	MIXS:0000852	http://w3id.org/mixs/terms
window_mat	https://microbiomedata/schema/mixs	text value	https://github.com/microbiomedata/nmdc-schema/blob/issue-291-mixs-submod/util/rebuild_mixs_yaml.py	MIXS:0000853	http://w3id.org/mixs/terms
window_open_freq	https://microbiomedata/schema/mixs	text value	https://github.com/microbiomedata/nmdc-schema/blob/issue-291-mixs-submod/util/rebuild_mixs_yaml.py	MIXS:0000246	http://w3id.org/mixs/terms
window_size	https://microbiomedata/schema/mixs	quantity value	https://github.com/microbiomedata/nmdc-schema/blob/issue-291-mixs-submod/util/rebuild_mixs_yaml.py	MIXS:0000224	http://w3id.org/mixs/terms
window_status	https://microbiomedata/schema/mixs	text value	https://github.com/microbiomedata/nmdc-schema/blob/issue-291-mixs-submod/util/rebuild_mixs_yaml.py	MIXS:0000855	http://w3id.org/mixs/terms
window_type	https://microbiomedata/schema/mixs	text value	https://github.com/microbiomedata/nmdc-schema/blob/issue-291-mixs-submod/util/rebuild_mixs_yaml.py	MIXS:0000856	http://w3id.org/mixs/terms
window_vert_pos	https://microbiomedata/schema/mixs	text value	https://github.com/microbiomedata/nmdc-schema/blob/issue-291-mixs-submod/util/rebuild_mixs_yaml.py	MIXS:0000857	http://w3id.org/mixs/terms
window_water_mold	https://microbiomedata/schema/mixs	text value	https://github.com/microbiomedata/nmdc-schema/blob/issue-291-mixs-submod/util/rebuild_mixs_yaml.py	MIXS:0000854	http://w3id.org/mixs/terms
xylene	https://microbiomedata/schema/mixs	quantity value	https://github.com/microbiomedata/nmdc-schema/blob/issue-291-mixs-submod/util/rebuild_mixs_yaml.py	MIXS:0000156	http://w3id.org/mixs/terms
